,Unnamed: 0,Unnamed: 0.1,Province/State,Country/Region,Lat,Long,Date,Confirmed,Deaths,Recovered,FIPS,Last_Update,Active,Incident_Rate,People_Tested,People_Hospitalized,Mortality_Rate,UID,ISO3,Testing_Rate,Hospitalization_Rate
0,0,0,Washington,US,47.4009,-121.4905,2020-02-01,0.0,0.0,0.0,53.0,,,,,,,,,,
1,1,1,New York,US,42.1657,-74.9481,2020-02-01,0.0,0.0,0.0,36.0,,,,,,,,,,
2,2,2,California,US,36.1162,-119.6816,2020-02-01,0.0,0.0,0.0,6.0,,,,,,,,,,
3,3,3,Massachusetts,US,42.2302,-71.5301,2020-02-01,0.0,0.0,0.0,25.0,,,,,,,,,,
4,4,4,Diamond Princess,US,35.4437,139.638,2020-02-01,0.0,0.0,0.0,,,,,,,,,,,
5,5,5,Grand Princess,US,37.6489,-122.6655,2020-02-01,0.0,0.0,0.0,,,,,,,,,,,
6,6,6,Georgia,US,33.0406,-83.6431,2020-02-01,0.0,0.0,0.0,13.0,,,,,,,,,,
7,7,7,Colorado,US,39.0598,-105.3111,2020-02-01,0.0,0.0,0.0,8.0,,,,,,,,,,
8,8,8,Florida,US,27.7663,-81.6868,2020-02-01,0.0,0.0,0.0,12.0,,,,,,,,,,
9,9,9,New Jersey,US,40.2989,-74.521,2020-02-01,0.0,0.0,0.0,34.0,,,,,,,,,,
10,10,10,Oregon,US,44.572,-122.0709,2020-02-01,0.0,0.0,0.0,41.0,,,,,,,,,,
11,11,11,Texas,US,31.0545,-97.5635,2020-02-01,0.0,0.0,0.0,48.0,,,,,,,,,,
12,12,12,Illinois,US,40.3495,-88.9861,2020-02-01,0.0,0.0,0.0,17.0,,,,,,,,,,
13,13,13,Pennsylvania,US,40.5908,-77.2098,2020-02-01,0.0,0.0,0.0,42.0,,,,,,,,,,
14,14,14,Iowa,US,42.0115,-93.2105,2020-02-01,0.0,0.0,0.0,19.0,,,,,,,,,,
15,15,15,Maryland,US,39.0639,-76.8021,2020-02-01,0.0,0.0,0.0,24.0,,,,,,,,,,
16,16,16,North Carolina,US,35.6301,-79.8064,2020-02-01,0.0,0.0,0.0,37.0,,,,,,,,,,
17,17,17,South Carolina,US,33.8569,-80.945,2020-02-01,0.0,0.0,0.0,45.0,,,,,,,,,,
18,18,18,Tennessee,US,35.7478,-86.6923,2020-02-01,0.0,0.0,0.0,47.0,,,,,,,,,,
19,19,19,Virginia,US,37.7693,-78.17,2020-02-01,0.0,0.0,0.0,51.0,,,,,,,,,,
20,20,20,Arizona,US,33.7298,-111.4312,2020-02-01,0.0,0.0,0.0,4.0,,,,,,,,,,
21,21,21,Indiana,US,39.8494,-86.2583,2020-02-01,0.0,0.0,0.0,18.0,,,,,,,,,,
22,22,22,Kentucky,US,37.6681,-84.6701,2020-02-01,0.0,0.0,0.0,21.0,,,,,,,,,,
23,23,23,District of Columbia,US,38.8974,-77.0268,2020-02-01,0.0,0.0,0.0,11.0,,,,,,,,,,
24,24,24,Nevada,US,38.3135,-117.0554,2020-02-01,0.0,0.0,0.0,32.0,,,,,,,,,,
25,25,25,New Hampshire,US,43.4525,-71.5639,2020-02-01,0.0,0.0,0.0,33.0,,,,,,,,,,
26,26,26,Minnesota,US,45.6945,-93.9002,2020-02-01,0.0,0.0,0.0,27.0,,,,,,,,,,
27,27,27,Nebraska,US,41.1254,-98.2681,2020-02-01,0.0,0.0,0.0,31.0,,,,,,,,,,
28,28,28,Ohio,US,40.3888,-82.7649,2020-02-01,0.0,0.0,0.0,39.0,,,,,,,,,,
29,29,29,Rhode Island,US,41.6809,-71.5118,2020-02-01,0.0,0.0,0.0,44.0,,,,,,,,,,
30,30,30,Wisconsin,US,44.2685,-89.6165,2020-02-01,0.0,0.0,0.0,55.0,,,,,,,,,,
31,31,31,Connecticut,US,41.5978,-72.7554,2020-02-01,0.0,0.0,0.0,9.0,,,,,,,,,,
32,32,32,Hawaii,US,21.0943,-157.4983,2020-02-01,0.0,0.0,0.0,15.0,,,,,,,,,,
33,33,33,Oklahoma,US,35.5653,-96.9289,2020-02-01,0.0,0.0,0.0,40.0,,,,,,,,,,
34,34,34,Utah,US,40.15,-111.8624,2020-02-01,0.0,0.0,0.0,49.0,,,,,,,,,,
35,35,35,Kansas,US,38.5266,-96.7265,2020-02-01,0.0,0.0,0.0,20.0,,,,,,,,,,
36,36,36,Louisiana,US,31.1695,-91.8678,2020-02-01,0.0,0.0,0.0,22.0,,,,,,,,,,
37,37,37,Missouri,US,38.4561,-92.2884,2020-02-01,0.0,0.0,0.0,29.0,,,,,,,,,,
38,38,38,Vermont,US,44.0459,-72.7107,2020-02-01,0.0,0.0,0.0,50.0,,,,,,,,,,
39,39,39,Alaska,US,61.3707,-152.4044,2020-02-01,0.0,0.0,0.0,2.0,,,,,,,,,,
40,40,40,Arkansas,US,34.9697,-92.3731,2020-02-01,0.0,0.0,0.0,5.0,,,,,,,,,,
41,41,41,Delaware,US,39.3185,-75.5071,2020-02-01,0.0,0.0,0.0,10.0,,,,,,,,,,
42,42,42,Idaho,US,44.2405,-114.4788,2020-02-01,0.0,0.0,0.0,16.0,,,,,,,,,,
43,43,43,Maine,US,44.6939,-69.3819,2020-02-01,0.0,0.0,0.0,23.0,,,,,,,,,,
44,44,44,Michigan,US,43.3266,-84.5361,2020-02-01,0.0,0.0,0.0,26.0,,,,,,,,,,
45,45,45,Mississippi,US,32.7416,-89.6787,2020-02-01,0.0,0.0,0.0,28.0,,,,,,,,,,
46,46,46,Montana,US,46.9219,-110.4544,2020-02-01,0.0,0.0,0.0,30.0,,,,,,,,,,
47,47,47,New Mexico,US,34.8405,-106.2485,2020-02-01,0.0,0.0,0.0,35.0,,,,,,,,,,
48,48,48,North Dakota,US,47.5289,-99.784,2020-02-01,0.0,0.0,0.0,38.0,,,,,,,,,,
49,49,49,South Dakota,US,44.2998,-99.4388,2020-02-01,0.0,0.0,0.0,46.0,,,,,,,,,,
50,50,50,West Virginia,US,38.4912,-80.9545,2020-02-01,0.0,0.0,0.0,54.0,,,,,,,,,,
51,51,51,Wyoming,US,42.756,-107.3025,2020-02-01,0.0,0.0,0.0,56.0,,,,,,,,,,
52,52,52,"Kitsap, WA",US,47.6477,-122.6413,2020-02-01,0.0,0.0,0.0,,,,,,,,,,,
53,53,53,"Solano, CA",US,38.3105,-121.9018,2020-02-01,0.0,0.0,0.0,,,,,,,,,,,
54,54,54,"Santa Cruz, CA",US,37.0454,-121.958,2020-02-01,0.0,0.0,0.0,,,,,,,,,,,
55,55,55,"Napa, CA",US,38.5025,-122.2654,2020-02-01,0.0,0.0,0.0,,,,,,,,,,,
56,56,56,"Ventura, CA",US,34.3705,-119.1391,2020-02-01,0.0,0.0,0.0,,,,,,,,,,,
57,57,57,"Worcester, MA",US,42.4097,-71.8571,2020-02-01,0.0,0.0,0.0,,,,,,,,,,,
58,58,58,"Gwinnett, GA",US,33.9191,-84.0167,2020-02-01,0.0,0.0,0.0,,,,,,,,,,,
59,59,59,"DeKalb, GA",US,33.7956,-84.2279,2020-02-01,0.0,0.0,0.0,,,,,,,,,,,
60,60,60,"Floyd, GA",US,37.5455,-82.7779,2020-02-01,0.0,0.0,0.0,,,,,,,,,,,
61,61,61,"Fayette, GA",US,33.4502,-84.4803,2020-02-01,0.0,0.0,0.0,,,,,,,,,,,
62,62,62,"Gregg, TX",US,32.4893,-94.8521,2020-02-01,0.0,0.0,0.0,,,,,,,,,,,
63,63,63,"Monmouth, NJ",US,40.2589,-74.124,2020-02-01,0.0,0.0,0.0,,,,,,,,,,,
64,64,64,"Burlington, NJ",US,40.0712,-74.8649,2020-02-01,0.0,0.0,0.0,,,,,,,,,,,
65,65,65,"Camden, NJ",US,39.9259,-75.1196,2020-02-01,0.0,0.0,0.0,,,,,,,,,,,
66,66,66,"Passaic, NJ",US,40.8568,-74.1285,2020-02-01,0.0,0.0,0.0,,,,,,,,,,,
67,67,67,"Union, NJ",US,40.6976,-74.2632,2020-02-01,0.0,0.0,0.0,,,,,,,,,,,
68,68,68,"Eagle, CO",US,39.6553,-106.8287,2020-02-01,0.0,0.0,0.0,,,,,,,,,,,
69,69,69,"Larimer, CO",US,40.6956,-105.5943,2020-02-01,0.0,0.0,0.0,,,,,,,,,,,
70,70,70,"Arapahoe, CO",US,39.6203,-104.3326,2020-02-01,0.0,0.0,0.0,,,,,,,,,,,
71,71,71,"Gunnison, CO",US,38.5458,-106.9253,2020-02-01,0.0,0.0,0.0,,,,,,,,,,,
72,72,72,"Kane, IL",US,41.9879,-88.4016,2020-02-01,0.0,0.0,0.0,,,,,,,,,,,
73,73,73,"Monroe, PA",US,41.0458,-75.2479,2020-02-01,0.0,0.0,0.0,,,,,,,,,,,
74,74,74,"Philadelphia, PA",US,39.9526,-75.1652,2020-02-01,0.0,0.0,0.0,,,,,,,,,,,
75,75,75,"Norfolk, VA",US,36.8508,-76.2859,2020-02-01,0.0,0.0,0.0,,,,,,,,,,,
76,76,76,"Arlington, VA",US,38.8816,-77.09100000000002,2020-02-01,0.0,0.0,0.0,,,,,,,,,,,
77,77,77,"Spotsylvania, VA",US,38.2042,-77.6078,2020-02-01,0.0,0.0,0.0,,,,,,,,,,,
78,78,78,"Loudoun, VA",US,39.0768,-77.6536,2020-02-01,0.0,0.0,0.0,,,,,,,,,,,
79,79,79,"Prince George's, MD",US,38.7849,-76.8721,2020-02-01,0.0,0.0,0.0,,,,,,,,,,,
80,80,80,"Pottawattamie, IA",US,41.3912,-95.4778,2020-02-01,0.0,0.0,0.0,,,,,,,,,,,
81,81,81,"Camden, NC",US,34.2465,-80.607,2020-02-01,0.0,0.0,0.0,,,,,,,,,,,
82,82,82,"Pima, AZ",US,32.0575,-111.6661,2020-02-01,0.0,0.0,0.0,,,,,,,,,,,
83,83,83,"Noble, IN",US,41.4277,-85.355,2020-02-01,0.0,0.0,0.0,,,,,,,,,,,
84,84,84,"Adams, IN",US,39.8522,-77.2865,2020-02-01,0.0,0.0,0.0,,,,,,,,,,,
85,85,85,"Boone, IN",US,40.0106,-86.4997,2020-02-01,0.0,0.0,0.0,,,,,,,,,,,
86,86,86,"Dane, WI",US,43.0186,-89.5498,2020-02-01,0.0,0.0,0.0,,,,,,,,,,,
87,87,87,"Pierce, WI",US,44.7509,-92.3814,2020-02-01,0.0,0.0,0.0,,,,,,,,,,,
88,88,88,"Cuyahoga, OH",US,41.4339,-81.6758,2020-02-01,0.0,0.0,0.0,,,,,,,,,,,
89,89,89,"Weber, UT",US,41.2603,-111.9522,2020-02-01,0.0,0.0,0.0,,,,,,,,,,,
90,90,90,"Bennington County, VT",US,43.0279,-73.135,2020-02-01,0.0,0.0,0.0,,,,,,,,,,,
91,91,91,"Carver County, MN",US,44.8254,-93.7842,2020-02-01,0.0,0.0,0.0,,,,,,,,,,,
92,92,92,"Charlotte County, FL",US,26.8946,-81.9098,2020-02-01,0.0,0.0,0.0,,,,,,,,,,,
93,93,93,"Cherokee County, GA",US,34.2515,-84.4803,2020-02-01,0.0,0.0,0.0,,,,,,,,,,,
94,94,94,"Collin County, TX",US,33.1795,-96.493,2020-02-01,0.0,0.0,0.0,,,,,,,,,,,
95,95,95,"Jefferson County, KY",US,38.1938,-85.6435,2020-02-01,0.0,0.0,0.0,,,,,,,,,,,
96,96,96,"Jefferson Parish, LA",US,29.6499,-90.1121,2020-02-01,0.0,0.0,0.0,,,,,,,,,,,
97,97,97,"Shasta County, CA",US,40.7909,-121.8474,2020-02-01,0.0,0.0,0.0,,,,,,,,,,,
98,98,98,"Spartanburg County, SC",US,34.8606,-81.9535,2020-02-01,0.0,0.0,0.0,,,,,,,,,,,
99,99,99,"Harrison County, KY",US,38.4333,-84.3542,2020-02-01,0.0,0.0,0.0,,,,,,,,,,,
100,100,100,"Johnson County, IA",US,41.6699,-91.5984,2020-02-01,0.0,0.0,0.0,,,,,,,,,,,
101,101,101,"Berkshire County, MA",US,42.3118,-73.1822,2020-02-01,0.0,0.0,0.0,,,,,,,,,,,
102,102,102,"Davidson County, TN",US,36.1343,-86.822,2020-02-01,0.0,0.0,0.0,,,,,,,,,,,
103,103,103,"Douglas County, OR",US,43.1261,-123.2492,2020-02-01,0.0,0.0,0.0,,,,,,,,,,,
104,104,104,"Fresno County, CA",US,36.9859,-119.2321,2020-02-01,0.0,0.0,0.0,,,,,,,,,,,
105,105,105,"Harford County, MD",US,39.5839,-76.3637,2020-02-01,0.0,0.0,0.0,,,,,,,,,,,
106,106,106,"Hendricks County, IN",US,39.8065,-86.5401,2020-02-01,0.0,0.0,0.0,,,,,,,,,,,
107,107,107,"Hudson County, NJ",US,40.7453,-74.0535,2020-02-01,0.0,0.0,0.0,,,,,,,,,,,
108,108,108,"Johnson County, KS",US,38.8454,-94.8521,2020-02-01,0.0,0.0,0.0,,,,,,,,,,,
109,109,109,"Kittitas County, WA",US,47.175,-120.9319,2020-02-01,0.0,0.0,0.0,,,,,,,,,,,
110,110,110,"Manatee County, FL",US,27.4799,-82.3452,2020-02-01,0.0,0.0,0.0,,,,,,,,,,,
111,111,111,"Marion County, OR",US,44.8446,-122.5927,2020-02-01,0.0,0.0,0.0,,,,,,,,,,,
112,112,112,"Okaloosa County, FL",US,30.5773,-86.6611,2020-02-01,0.0,0.0,0.0,,,,,,,,,,,
113,113,113,"Polk County, GA",US,34.0132,-85.1479,2020-02-01,0.0,0.0,0.0,,,,,,,,,,,
114,114,114,"Riverside County, CA",US,33.9533,-117.3961,2020-02-01,0.0,0.0,0.0,,,,,,,,,,,
115,115,115,"Shelby County, TN",US,35.1269,-89.9253,2020-02-01,0.0,0.0,0.0,,,,,,,,,,,
116,116,116,"St. Louis County, MO",US,38.6103,-90.4125,2020-02-01,0.0,0.0,0.0,,,,,,,,,,,
117,117,117,"Suffolk County, NY",US,40.9849,-72.6151,2020-02-01,0.0,0.0,0.0,,,,,,,,,,,
118,118,118,"Ulster County, NY",US,41.8586,-74.3118,2020-02-01,0.0,0.0,0.0,,,,,,,,,,,
119,119,119,"Volusia County, FL",US,29.028,-81.0755,2020-02-01,0.0,0.0,0.0,,,,,,,,,,,
120,120,120,"Fairfax County, VA",US,38.9085,-77.2405,2020-02-01,0.0,0.0,0.0,,,,,,,,,,,
121,121,121,"Rockingham County, NH",US,42.9931,-71.0498,2020-02-01,0.0,0.0,0.0,,,,,,,,,,,
122,122,122,"Washington, D.C.",US,38.9072,-77.0369,2020-02-01,0.0,0.0,0.0,,,,,,,,,,,
123,123,123,"Montgomery County, PA",US,40.229,-75.3879,2020-02-01,0.0,0.0,0.0,,,,,,,,,,,
124,124,124,"Alameda County, CA",US,37.6017,-121.7195,2020-02-01,0.0,0.0,0.0,,,,,,,,,,,
125,125,125,"Broward County, FL",US,26.1901,-80.3659,2020-02-01,0.0,0.0,0.0,,,,,,,,,,,
126,126,126,"Lee County, FL",US,26.663,-81.9535,2020-02-01,0.0,0.0,0.0,,,,,,,,,,,
127,127,127,"Pinal County, AZ",US,32.8162,-111.2845,2020-02-01,0.0,0.0,0.0,,,,,,,,,,,
128,128,128,"Rockland County, NY",US,41.1489,-73.983,2020-02-01,0.0,0.0,0.0,,,,,,,,,,,
129,129,129,"Saratoga County, NY",US,43.0324,-73.936,2020-02-01,0.0,0.0,0.0,,,,,,,,,,,
130,130,130,"Charleston County, SC",US,32.7957,-79.7848,2020-02-01,0.0,0.0,0.0,,,,,,,,,,,
131,131,131,"Clark County, WA",US,45.7466,-122.5194,2020-02-01,0.0,0.0,0.0,,,,,,,,,,,
132,132,132,"Cobb County, GA",US,33.8999,-84.5641,2020-02-01,0.0,0.0,0.0,,,,,,,,,,,
133,133,133,"Davis County, UT",US,40.9629,-112.0953,2020-02-01,0.0,0.0,0.0,,,,,,,,,,,
134,134,134,"El Paso County, CO",US,38.9108,-104.4723,2020-02-01,0.0,0.0,0.0,,,,,,,,,,,
135,135,135,"Honolulu County, HI",US,21.307,-157.8584,2020-02-01,0.0,0.0,0.0,,,,,,,,,,,
136,136,136,"Jackson County, OR ",US,42.3345,-122.7647,2020-02-01,0.0,0.0,0.0,,,,,,,,,,,
137,137,137,"Jefferson County, WA",US,47.7425,-123.304,2020-02-01,0.0,0.0,0.0,,,,,,,,,,,
138,138,138,"Kershaw County, SC",US,34.3672,-80.5883,2020-02-01,0.0,0.0,0.0,,,,,,,,,,,
139,139,139,"Klamath County, OR",US,42.6953,-121.6142,2020-02-01,0.0,0.0,0.0,,,,,,,,,,,
140,140,140,"Madera County, CA",US,37.2519,-119.6963,2020-02-01,0.0,0.0,0.0,,,,,,,,,,,
141,141,141,"Pierce County, WA",US,47.0676,-122.1295,2020-02-01,0.0,0.0,0.0,,,,,,,,,,,
142,142,142,"Tulsa County, OK",US,36.1593,-95.941,2020-02-01,0.0,0.0,0.0,,,,,,,,,,,
143,143,143,"Douglas County, CO",US,39.2587,-104.9389,2020-02-01,0.0,0.0,0.0,,,,,,,,,,,
144,144,144,"Providence County, RI",US,41.8882,-71.4774,2020-02-01,0.0,0.0,0.0,,,,,,,,,,,
145,145,145,"Chatham County, NC",US,35.7211,-79.1781,2020-02-01,0.0,0.0,0.0,,,,,,,,,,,
146,146,146,"Delaware County, PA",US,39.9078,-75.3879,2020-02-01,0.0,0.0,0.0,,,,,,,,,,,
147,147,147,"Douglas County, NE",US,41.3148,-96.1951,2020-02-01,0.0,0.0,0.0,,,,,,,,,,,
148,148,148,"Fayette County, KY",US,38.0606,-84.4803,2020-02-01,0.0,0.0,0.0,,,,,,,,,,,
149,149,149,"Marion County, IN",US,39.8362,-86.1752,2020-02-01,0.0,0.0,0.0,,,,,,,,,,,
150,150,150,"Middlesex County, MA",US,42.4672,-71.2874,2020-02-01,0.0,0.0,0.0,,,,,,,,,,,
151,151,151,"Nassau County, NY",US,40.6546,-73.5594,2020-02-01,0.0,0.0,0.0,,,,,,,,,,,
152,152,152,"Ramsey County, MN",US,44.9964,-93.0616,2020-02-01,0.0,0.0,0.0,,,,,,,,,,,
153,153,153,"Washoe County, NV",US,40.5608,-119.6035,2020-02-01,0.0,0.0,0.0,,,,,,,,,,,
154,154,154,"Wayne County, PA",US,41.6739,-75.2479,2020-02-01,0.0,0.0,0.0,,,,,,,,,,,
155,155,155,"Yolo County, CA",US,38.7646,-121.9018,2020-02-01,0.0,0.0,0.0,,,,,,,,,,,
156,156,156,"Santa Clara County, CA",US,37.3541,-121.9552,2020-02-01,1.0,0.0,0.0,,,,,,,,,,,
157,157,157,"Clark County, NV",US,36.0796,-115.094,2020-02-01,0.0,0.0,0.0,,,,,,,,,,,
158,158,158,"Fort Bend County, TX",US,29.5693,-95.8143,2020-02-01,0.0,0.0,0.0,,,,,,,,,,,
159,159,159,"Grant County, WA",US,47.1981,-119.3732,2020-02-01,0.0,0.0,0.0,,,,,,,,,,,
160,160,160,"Santa Rosa County, FL",US,30.769,-86.9824,2020-02-01,0.0,0.0,0.0,,,,,,,,,,,
161,161,161,"Williamson County, TN",US,35.9179,-86.8622,2020-02-01,0.0,0.0,0.0,,,,,,,,,,,
162,162,162,"New York County, NY",US,40.7128,-74.006,2020-02-01,0.0,0.0,0.0,,,,,,,,,,,
163,163,163,"Montgomery County, MD",US,39.1547,-77.2405,2020-02-01,0.0,0.0,0.0,,,,,,,,,,,
164,164,164,"Suffolk County, MA",US,42.3601,-71.0589,2020-02-01,1.0,0.0,0.0,,,,,,,,,,,
165,165,165,"Denver County, CO",US,39.7392,-104.9903,2020-02-01,0.0,0.0,0.0,,,,,,,,,,,
166,166,166,"Summit County, CO",US,39.5912,-106.064,2020-02-01,0.0,0.0,0.0,,,,,,,,,,,
167,167,167,"Bergen County, NJ",US,40.9263,-74.077,2020-02-01,0.0,0.0,0.0,,,,,,,,,,,
168,168,168,"Harris County, TX",US,29.7752,-95.3103,2020-02-01,0.0,0.0,0.0,,,,,,,,,,,
169,169,169,"San Francisco County, CA",US,37.7749,-122.4194,2020-02-01,0.0,0.0,0.0,,,,,,,,,,,
170,170,170,"Contra Costa County, CA",US,37.8534,-121.9018,2020-02-01,0.0,0.0,0.0,,,,,,,,,,,
171,171,171,"Orange County, CA",US,33.7879,-117.8531,2020-02-01,1.0,0.0,0.0,,,,,,,,,,,
172,172,172,"Norfolk County, MA",US,42.1767,-71.1449,2020-02-01,0.0,0.0,0.0,,,,,,,,,,,
173,173,173,"Maricopa County, AZ",US,33.2918,-112.4291,2020-02-01,1.0,0.0,0.0,,,,,,,,,,,
174,174,174,"Wake County, NC",US,35.8032,-78.5661,2020-02-01,0.0,0.0,0.0,,,,,,,,,,,
175,175,175,"Westchester County, NY",US,41.122,-73.7949,2020-02-01,0.0,0.0,0.0,,,,,,,,,,,
176,176,176,"Grafton County, NH",US,43.9088,-71.82600000000002,2020-02-01,0.0,0.0,0.0,,,,,,,,,,,
177,177,177,"Hillsborough, FL",US,27.9904,-82.3018,2020-02-01,0.0,0.0,0.0,,,,,,,,,,,
178,178,178,"Placer County, CA",US,39.0916,-120.8039,2020-02-01,0.0,0.0,0.0,,,,,,,,,,,
179,179,179,"San Mateo, CA",US,37.563,-122.3255,2020-02-01,0.0,0.0,0.0,,,,,,,,,,,
180,180,180,"Sonoma County, CA",US,38.578,-122.9888,2020-02-01,0.0,0.0,0.0,,,,,,,,,,,
181,181,181,"Umatilla, OR",US,45.775,-118.7606,2020-02-01,0.0,0.0,0.0,,,,,,,,,,,
182,182,182,"Fulton County, GA",US,33.8034,-84.3963,2020-02-01,0.0,0.0,0.0,,,,,,,,,,,
183,183,183,"Washington County, OR",US,45.547,-123.1386,2020-02-01,0.0,0.0,0.0,,,,,,,,,,,
184,184,184,"Snohomish County, WA",US,48.033,-121.8339,2020-02-01,0.0,0.0,0.0,,,,,,,,,,,
185,185,185,"Humboldt County, CA",US,40.745,-123.8695,2020-02-01,0.0,0.0,0.0,,,,,,,,,,,
186,186,186,"Sacramento County, CA",US,38.4747,-121.3542,2020-02-01,0.0,0.0,0.0,,,,,,,,,,,
187,187,187,"San Diego County, CA",US,32.7157,-117.1611,2020-02-01,0.0,0.0,0.0,,,,,,,,,,,
188,188,188,"San Benito, CA",US,36.5761,-120.9876,2020-02-01,0.0,0.0,0.0,,,,,,,,,,,
189,189,189,"Los Angeles, CA",US,34.0522,-118.2437,2020-02-01,1.0,0.0,0.0,,,,,,,,,,,
190,190,190,"King County, WA",US,47.6062,-122.3321,2020-02-01,1.0,0.0,0.0,,,,,,,,,,,
191,191,191,"Cook County, IL",US,41.7377,-87.6976,2020-02-01,2.0,0.0,0.0,,,,,,,,,,,
192,192,192,"Skagit, WA",US,48.4242,-121.7114,2020-02-01,0.0,0.0,0.0,,,,,,,,,,,
193,193,193,"Thurston, WA",US,46.8646,-122.7696,2020-02-01,0.0,0.0,0.0,,,,,,,,,,,
194,194,194,"Island, WA",US,48.1976,-122.5795,2020-02-01,0.0,0.0,0.0,,,,,,,,,,,
195,195,195,"Whatcom, WA",US,48.8787,-121.9719,2020-02-01,0.0,0.0,0.0,,,,,,,,,,,
196,196,196,"Marin, CA",US,38.0834,-122.7633,2020-02-01,0.0,0.0,0.0,,,,,,,,,,,
197,197,197,"Calaveras, CA",US,38.196,-120.6805,2020-02-01,0.0,0.0,0.0,,,,,,,,,,,
198,198,198,"Stanislaus, CA",US,37.5091,-120.9876,2020-02-01,0.0,0.0,0.0,,,,,,,,,,,
199,199,199,"San Joaquin, CA",US,36.6066,-120.189,2020-02-01,0.0,0.0,0.0,,,,,,,,,,,
200,200,200,"Essex, MA",US,42.632,-70.7829,2020-02-01,0.0,0.0,0.0,,,,,,,,,,,
201,201,201,"Charlton, GA",US,30.7917,-82.0843,2020-02-01,0.0,0.0,0.0,,,,,,,,,,,
202,202,202,"Collier, FL",US,26.07,-81.4279,2020-02-01,0.0,0.0,0.0,,,,,,,,,,,
203,203,203,"Pinellas, FL",US,27.8764,-82.7779,2020-02-01,0.0,0.0,0.0,,,,,,,,,,,
204,204,204,"Alachua, FL",US,29.7938,-82.4944,2020-02-01,0.0,0.0,0.0,,,,,,,,,,,
205,205,205,"Nassau, FL",US,30.5927,-81.8224,2020-02-01,0.0,0.0,0.0,,,,,,,,,,,
206,206,206,"Pasco, FL",US,28.3232,-82.4319,2020-02-01,0.0,0.0,0.0,,,,,,,,,,,
207,207,207,"Dallas, TX",US,32.7767,-96.797,2020-02-01,0.0,0.0,0.0,,,,,,,,,,,
208,208,208,"Tarrant, TX",US,32.7732,-97.3517,2020-02-01,0.0,0.0,0.0,,,,,,,,,,,
209,209,209,"Montgomery, TX",US,30.3883,-95.6963,2020-02-01,0.0,0.0,0.0,,,,,,,,,,,
210,210,210,"Middlesex, NJ",US,40.5726,-74.4927,2020-02-01,0.0,0.0,0.0,,,,,,,,,,,
211,211,211,"Jefferson, CO",US,39.58,-105.2663,2020-02-01,0.0,0.0,0.0,,,,,,,,,,,
212,212,212,"Multnomah, OR",US,45.5146,-122.5863,2020-02-01,0.0,0.0,0.0,,,,,,,,,,,
213,213,213,"Polk, OR",US,44.9267,-123.4919,2020-02-01,0.0,0.0,0.0,,,,,,,,,,,
214,214,214,"Deschutes, OR",US,43.8325,-121.2617,2020-02-01,0.0,0.0,0.0,,,,,,,,,,,
215,215,215,"McHenry, IL",US,42.3334,-88.2668,2020-02-01,0.0,0.0,0.0,,,,,,,,,,,
216,216,216,"Lake, IL",US,42.3689,-87.8272,2020-02-01,0.0,0.0,0.0,,,,,,,,,,,
217,217,217,"Bucks, PA",US,40.4108,-75.2479,2020-02-01,0.0,0.0,0.0,,,,,,,,,,,
218,218,218,"Hanover, VA",US,37.7772,-77.5161,2020-02-01,0.0,0.0,0.0,,,,,,,,,,,
219,219,219,"Lancaster, SC",US,34.7253,-80.6771,2020-02-01,0.0,0.0,0.0,,,,,,,,,,,
220,220,220,"Sullivan, TN",US,36.4933,-82.3452,2020-02-01,0.0,0.0,0.0,,,,,,,,,,,
221,221,221,"Johnson, IN",US,39.4638,-86.1345,2020-02-01,0.0,0.0,0.0,,,,,,,,,,,
222,222,222,"Howard, IN",US,40.4483,-86.1345,2020-02-01,0.0,0.0,0.0,,,,,,,,,,,
223,223,223,"St. Joseph, IN",US,41.6228,-86.3377,2020-02-01,0.0,0.0,0.0,,,,,,,,,,,
224,224,224,"Knox, NE",US,42.6712,-97.8722,2020-02-01,0.0,0.0,0.0,,,,,,,,,,,
225,225,225,"Stark, OH",US,40.8685,-81.2519,2020-02-01,0.0,0.0,0.0,,,,,,,,,,,
226,226,226,"Anoka, MN",US,45.3293,-93.2197,2020-02-01,0.0,0.0,0.0,,,,,,,,,,,
227,227,227,"Olmsted, MN",US,43.9952,-92.3814,2020-02-01,0.0,0.0,0.0,,,,,,,,,,,
228,228,228,"Summit, UT",US,40.8298,-110.9984,2020-02-01,0.0,0.0,0.0,,,,,,,,,,,
229,229,229,"Fairfield, CT",US,41.256,-73.3709,2020-02-01,0.0,0.0,0.0,,,,,,,,,,,
230,230,230,"Litchfield, CT",US,41.7866,-73.2765,2020-02-01,0.0,0.0,0.0,,,,,,,,,,,
231,231,231,"Orleans, LA",US,29.9511,-90.0715,2020-02-01,0.0,0.0,0.0,,,,,,,,,,,
232,232,232,"Pennington, SD",US,43.8901,-102.2548,2020-02-01,0.0,0.0,0.0,,,,,,,,,,,
233,233,233,"Beadle, SD",US,44.4797,-98.2213,2020-02-01,0.0,0.0,0.0,,,,,,,,,,,
234,234,234,"Charles Mix, SD",US,43.0985,-98.3965,2020-02-01,0.0,0.0,0.0,,,,,,,,,,,
235,235,235,"Davison, SD",US,43.7242,-98.2213,2020-02-01,0.0,0.0,0.0,,,,,,,,,,,
236,236,236,"Minnehaha, SD",US,43.6632,-96.8351,2020-02-01,0.0,0.0,0.0,,,,,,,,,,,
237,237,237,"Bon Homme, SD",US,42.9815,-97.8722,2020-02-01,0.0,0.0,0.0,,,,,,,,,,,
238,238,238,"Socorro, NM",US,33.8837,-106.7235,2020-02-01,0.0,0.0,0.0,,,,,,,,,,,
239,239,239,"Bernalillo, NM",US,35.0178,-106.6291,2020-02-01,0.0,0.0,0.0,,,,,,,,,,,
240,240,240,"Oakland, MI",US,42.5922,-83.3362,2020-02-01,0.0,0.0,0.0,,,,,,,,,,,
241,241,241,"Wayne, MI",US,42.2791,-83.3362,2020-02-01,0.0,0.0,0.0,,,,,,,,,,,
242,242,242,"New Castle, DE",US,39.5393,-75.6674,2020-02-01,0.0,0.0,0.0,,,,,,,,,,,
243,243,243,Alabama,US,32.3182,-86.9023,2020-02-01,0.0,0.0,0.0,1.0,,,,,,,,,,
244,244,244,Puerto Rico,US,18.2208,-66.5901,2020-02-01,0.0,0.0,0.0,72.0,,,,,,,,,,
245,245,245,Guam,US,13.4443,144.7937,2020-02-01,0.0,0.0,0.0,66.0,,,,,,,,,,
246,246,246,Virgin Islands,US,18.3358,-64.8963,2020-02-01,0.0,0.0,0.0,78.0,,,,,,,,,,
247,247,247,United States Virgin Islands,US,18.3358,-64.8963,2020-02-01,0.0,0.0,0.0,,,,,,,,,,,
248,248,248,US,US,37.0902,-95.7129,2020-02-01,0.0,0.0,0.0,,,,,,,,,,,
249,249,249,Washington,US,47.4009,-121.4905,2020-03-01,0.0,0.0,0.0,53.0,,,,,,,,,,
250,250,250,New York,US,42.1657,-74.9481,2020-03-01,0.0,0.0,0.0,36.0,,,,,,,,,,
251,251,251,California,US,36.1162,-119.6816,2020-03-01,0.0,0.0,0.0,6.0,,,,,,,,,,
252,252,252,Massachusetts,US,42.2302,-71.5301,2020-03-01,0.0,0.0,0.0,25.0,,,,,,,,,,
253,253,253,Diamond Princess,US,35.4437,139.638,2020-03-01,44.0,0.0,0.0,,,,,,,,,,,
254,254,254,Grand Princess,US,37.6489,-122.6655,2020-03-01,0.0,0.0,0.0,,,,,,,,,,,
255,255,255,Georgia,US,33.0406,-83.6431,2020-03-01,0.0,0.0,0.0,13.0,,,,,,,,,,
256,256,256,Colorado,US,39.0598,-105.3111,2020-03-01,0.0,0.0,0.0,8.0,,,,,,,,,,
257,257,257,Florida,US,27.7663,-81.6868,2020-03-01,0.0,0.0,0.0,12.0,,,,,,,,,,
258,258,258,New Jersey,US,40.2989,-74.521,2020-03-01,0.0,0.0,0.0,34.0,,,,,,,,,,
259,259,259,Oregon,US,44.572,-122.0709,2020-03-01,0.0,0.0,0.0,41.0,,,,,,,,,,
260,260,260,Texas,US,31.0545,-97.5635,2020-03-01,0.0,0.0,0.0,48.0,,,,,,,,,,
261,261,261,Illinois,US,40.3495,-88.9861,2020-03-01,0.0,0.0,0.0,17.0,,,,,,,,,,
262,262,262,Pennsylvania,US,40.5908,-77.2098,2020-03-01,0.0,0.0,0.0,42.0,,,,,,,,,,
263,263,263,Iowa,US,42.0115,-93.2105,2020-03-01,0.0,0.0,0.0,19.0,,,,,,,,,,
264,264,264,Maryland,US,39.0639,-76.8021,2020-03-01,0.0,0.0,0.0,24.0,,,,,,,,,,
265,265,265,North Carolina,US,35.6301,-79.8064,2020-03-01,0.0,0.0,0.0,37.0,,,,,,,,,,
266,266,266,South Carolina,US,33.8569,-80.945,2020-03-01,0.0,0.0,0.0,45.0,,,,,,,,,,
267,267,267,Tennessee,US,35.7478,-86.6923,2020-03-01,0.0,0.0,0.0,47.0,,,,,,,,,,
268,268,268,Virginia,US,37.7693,-78.17,2020-03-01,0.0,0.0,0.0,51.0,,,,,,,,,,
269,269,269,Arizona,US,33.7298,-111.4312,2020-03-01,0.0,0.0,0.0,4.0,,,,,,,,,,
270,270,270,Indiana,US,39.8494,-86.2583,2020-03-01,0.0,0.0,0.0,18.0,,,,,,,,,,
271,271,271,Kentucky,US,37.6681,-84.6701,2020-03-01,0.0,0.0,0.0,21.0,,,,,,,,,,
272,272,272,District of Columbia,US,38.8974,-77.0268,2020-03-01,0.0,0.0,0.0,11.0,,,,,,,,,,
273,273,273,Nevada,US,38.3135,-117.0554,2020-03-01,0.0,0.0,0.0,32.0,,,,,,,,,,
274,274,274,New Hampshire,US,43.4525,-71.5639,2020-03-01,0.0,0.0,0.0,33.0,,,,,,,,,,
275,275,275,Minnesota,US,45.6945,-93.9002,2020-03-01,0.0,0.0,0.0,27.0,,,,,,,,,,
276,276,276,Nebraska,US,41.1254,-98.2681,2020-03-01,0.0,0.0,0.0,31.0,,,,,,,,,,
277,277,277,Ohio,US,40.3888,-82.7649,2020-03-01,0.0,0.0,0.0,39.0,,,,,,,,,,
278,278,278,Rhode Island,US,41.6809,-71.5118,2020-03-01,0.0,0.0,0.0,44.0,,,,,,,,,,
279,279,279,Wisconsin,US,44.2685,-89.6165,2020-03-01,0.0,0.0,0.0,55.0,,,,,,,,,,
280,280,280,Connecticut,US,41.5978,-72.7554,2020-03-01,0.0,0.0,0.0,9.0,,,,,,,,,,
281,281,281,Hawaii,US,21.0943,-157.4983,2020-03-01,0.0,0.0,0.0,15.0,,,,,,,,,,
282,282,282,Oklahoma,US,35.5653,-96.9289,2020-03-01,0.0,0.0,0.0,40.0,,,,,,,,,,
283,283,283,Utah,US,40.15,-111.8624,2020-03-01,0.0,0.0,0.0,49.0,,,,,,,,,,
284,284,284,Kansas,US,38.5266,-96.7265,2020-03-01,0.0,0.0,0.0,20.0,,,,,,,,,,
285,285,285,Louisiana,US,31.1695,-91.8678,2020-03-01,0.0,0.0,0.0,22.0,,,,,,,,,,
286,286,286,Missouri,US,38.4561,-92.2884,2020-03-01,0.0,0.0,0.0,29.0,,,,,,,,,,
287,287,287,Vermont,US,44.0459,-72.7107,2020-03-01,0.0,0.0,0.0,50.0,,,,,,,,,,
288,288,288,Alaska,US,61.3707,-152.4044,2020-03-01,0.0,0.0,0.0,2.0,,,,,,,,,,
289,289,289,Arkansas,US,34.9697,-92.3731,2020-03-01,0.0,0.0,0.0,5.0,,,,,,,,,,
290,290,290,Delaware,US,39.3185,-75.5071,2020-03-01,0.0,0.0,0.0,10.0,,,,,,,,,,
291,291,291,Idaho,US,44.2405,-114.4788,2020-03-01,0.0,0.0,0.0,16.0,,,,,,,,,,
292,292,292,Maine,US,44.6939,-69.3819,2020-03-01,0.0,0.0,0.0,23.0,,,,,,,,,,
293,293,293,Michigan,US,43.3266,-84.5361,2020-03-01,0.0,0.0,0.0,26.0,,,,,,,,,,
294,294,294,Mississippi,US,32.7416,-89.6787,2020-03-01,0.0,0.0,0.0,28.0,,,,,,,,,,
295,295,295,Montana,US,46.9219,-110.4544,2020-03-01,0.0,0.0,0.0,30.0,,,,,,,,,,
296,296,296,New Mexico,US,34.8405,-106.2485,2020-03-01,0.0,0.0,0.0,35.0,,,,,,,,,,
297,297,297,North Dakota,US,47.5289,-99.784,2020-03-01,0.0,0.0,0.0,38.0,,,,,,,,,,
298,298,298,South Dakota,US,44.2998,-99.4388,2020-03-01,0.0,0.0,0.0,46.0,,,,,,,,,,
299,299,299,West Virginia,US,38.4912,-80.9545,2020-03-01,0.0,0.0,0.0,54.0,,,,,,,,,,
300,300,300,Wyoming,US,42.756,-107.3025,2020-03-01,0.0,0.0,0.0,56.0,,,,,,,,,,
301,301,301,"Kitsap, WA",US,47.6477,-122.6413,2020-03-01,0.0,0.0,0.0,,,,,,,,,,,
302,302,302,"Solano, CA",US,38.3105,-121.9018,2020-03-01,0.0,0.0,0.0,,,,,,,,,,,
303,303,303,"Santa Cruz, CA",US,37.0454,-121.958,2020-03-01,0.0,0.0,0.0,,,,,,,,,,,
304,304,304,"Napa, CA",US,38.5025,-122.2654,2020-03-01,0.0,0.0,0.0,,,,,,,,,,,
305,305,305,"Ventura, CA",US,34.3705,-119.1391,2020-03-01,0.0,0.0,0.0,,,,,,,,,,,
306,306,306,"Worcester, MA",US,42.4097,-71.8571,2020-03-01,0.0,0.0,0.0,,,,,,,,,,,
307,307,307,"Gwinnett, GA",US,33.9191,-84.0167,2020-03-01,0.0,0.0,0.0,,,,,,,,,,,
308,308,308,"DeKalb, GA",US,33.7956,-84.2279,2020-03-01,0.0,0.0,0.0,,,,,,,,,,,
309,309,309,"Floyd, GA",US,37.5455,-82.7779,2020-03-01,0.0,0.0,0.0,,,,,,,,,,,
310,310,310,"Fayette, GA",US,33.4502,-84.4803,2020-03-01,0.0,0.0,0.0,,,,,,,,,,,
311,311,311,"Gregg, TX",US,32.4893,-94.8521,2020-03-01,0.0,0.0,0.0,,,,,,,,,,,
312,312,312,"Monmouth, NJ",US,40.2589,-74.124,2020-03-01,0.0,0.0,0.0,,,,,,,,,,,
313,313,313,"Burlington, NJ",US,40.0712,-74.8649,2020-03-01,0.0,0.0,0.0,,,,,,,,,,,
314,314,314,"Camden, NJ",US,39.9259,-75.1196,2020-03-01,0.0,0.0,0.0,,,,,,,,,,,
315,315,315,"Passaic, NJ",US,40.8568,-74.1285,2020-03-01,0.0,0.0,0.0,,,,,,,,,,,
316,316,316,"Union, NJ",US,40.6976,-74.2632,2020-03-01,0.0,0.0,0.0,,,,,,,,,,,
317,317,317,"Eagle, CO",US,39.6553,-106.8287,2020-03-01,0.0,0.0,0.0,,,,,,,,,,,
318,318,318,"Larimer, CO",US,40.6956,-105.5943,2020-03-01,0.0,0.0,0.0,,,,,,,,,,,
319,319,319,"Arapahoe, CO",US,39.6203,-104.3326,2020-03-01,0.0,0.0,0.0,,,,,,,,,,,
320,320,320,"Gunnison, CO",US,38.5458,-106.9253,2020-03-01,0.0,0.0,0.0,,,,,,,,,,,
321,321,321,"Kane, IL",US,41.9879,-88.4016,2020-03-01,0.0,0.0,0.0,,,,,,,,,,,
322,322,322,"Monroe, PA",US,41.0458,-75.2479,2020-03-01,0.0,0.0,0.0,,,,,,,,,,,
323,323,323,"Philadelphia, PA",US,39.9526,-75.1652,2020-03-01,0.0,0.0,0.0,,,,,,,,,,,
324,324,324,"Norfolk, VA",US,36.8508,-76.2859,2020-03-01,0.0,0.0,0.0,,,,,,,,,,,
325,325,325,"Arlington, VA",US,38.8816,-77.09100000000002,2020-03-01,0.0,0.0,0.0,,,,,,,,,,,
326,326,326,"Spotsylvania, VA",US,38.2042,-77.6078,2020-03-01,0.0,0.0,0.0,,,,,,,,,,,
327,327,327,"Loudoun, VA",US,39.0768,-77.6536,2020-03-01,0.0,0.0,0.0,,,,,,,,,,,
328,328,328,"Prince George's, MD",US,38.7849,-76.8721,2020-03-01,0.0,0.0,0.0,,,,,,,,,,,
329,329,329,"Pottawattamie, IA",US,41.3912,-95.4778,2020-03-01,0.0,0.0,0.0,,,,,,,,,,,
330,330,330,"Camden, NC",US,34.2465,-80.607,2020-03-01,0.0,0.0,0.0,,,,,,,,,,,
331,331,331,"Pima, AZ",US,32.0575,-111.6661,2020-03-01,0.0,0.0,0.0,,,,,,,,,,,
332,332,332,"Noble, IN",US,41.4277,-85.355,2020-03-01,0.0,0.0,0.0,,,,,,,,,,,
333,333,333,"Adams, IN",US,39.8522,-77.2865,2020-03-01,0.0,0.0,0.0,,,,,,,,,,,
334,334,334,"Boone, IN",US,40.0106,-86.4997,2020-03-01,0.0,0.0,0.0,,,,,,,,,,,
335,335,335,"Dane, WI",US,43.0186,-89.5498,2020-03-01,0.0,0.0,0.0,,,,,,,,,,,
336,336,336,"Pierce, WI",US,44.7509,-92.3814,2020-03-01,0.0,0.0,0.0,,,,,,,,,,,
337,337,337,"Cuyahoga, OH",US,41.4339,-81.6758,2020-03-01,0.0,0.0,0.0,,,,,,,,,,,
338,338,338,"Weber, UT",US,41.2603,-111.9522,2020-03-01,0.0,0.0,0.0,,,,,,,,,,,
339,339,339,"Bennington County, VT",US,43.0279,-73.135,2020-03-01,0.0,0.0,0.0,,,,,,,,,,,
340,340,340,"Carver County, MN",US,44.8254,-93.7842,2020-03-01,0.0,0.0,0.0,,,,,,,,,,,
341,341,341,"Charlotte County, FL",US,26.8946,-81.9098,2020-03-01,0.0,0.0,0.0,,,,,,,,,,,
342,342,342,"Cherokee County, GA",US,34.2515,-84.4803,2020-03-01,0.0,0.0,0.0,,,,,,,,,,,
343,343,343,"Collin County, TX",US,33.1795,-96.493,2020-03-01,0.0,0.0,0.0,,,,,,,,,,,
344,344,344,"Jefferson County, KY",US,38.1938,-85.6435,2020-03-01,0.0,0.0,0.0,,,,,,,,,,,
345,345,345,"Jefferson Parish, LA",US,29.6499,-90.1121,2020-03-01,0.0,0.0,0.0,,,,,,,,,,,
346,346,346,"Shasta County, CA",US,40.7909,-121.8474,2020-03-01,0.0,0.0,0.0,,,,,,,,,,,
347,347,347,"Spartanburg County, SC",US,34.8606,-81.9535,2020-03-01,0.0,0.0,0.0,,,,,,,,,,,
348,348,348,"Harrison County, KY",US,38.4333,-84.3542,2020-03-01,0.0,0.0,0.0,,,,,,,,,,,
349,349,349,"Johnson County, IA",US,41.6699,-91.5984,2020-03-01,0.0,0.0,0.0,,,,,,,,,,,
350,350,350,"Berkshire County, MA",US,42.3118,-73.1822,2020-03-01,0.0,0.0,0.0,,,,,,,,,,,
351,351,351,"Davidson County, TN",US,36.1343,-86.822,2020-03-01,0.0,0.0,0.0,,,,,,,,,,,
352,352,352,"Douglas County, OR",US,43.1261,-123.2492,2020-03-01,0.0,0.0,0.0,,,,,,,,,,,
353,353,353,"Fresno County, CA",US,36.9859,-119.2321,2020-03-01,0.0,0.0,0.0,,,,,,,,,,,
354,354,354,"Harford County, MD",US,39.5839,-76.3637,2020-03-01,0.0,0.0,0.0,,,,,,,,,,,
355,355,355,"Hendricks County, IN",US,39.8065,-86.5401,2020-03-01,0.0,0.0,0.0,,,,,,,,,,,
356,356,356,"Hudson County, NJ",US,40.7453,-74.0535,2020-03-01,0.0,0.0,0.0,,,,,,,,,,,
357,357,357,"Johnson County, KS",US,38.8454,-94.8521,2020-03-01,0.0,0.0,0.0,,,,,,,,,,,
358,358,358,"Kittitas County, WA",US,47.175,-120.9319,2020-03-01,0.0,0.0,0.0,,,,,,,,,,,
359,359,359,"Manatee County, FL",US,27.4799,-82.3452,2020-03-01,0.0,0.0,0.0,,,,,,,,,,,
360,360,360,"Marion County, OR",US,44.8446,-122.5927,2020-03-01,0.0,0.0,0.0,,,,,,,,,,,
361,361,361,"Okaloosa County, FL",US,30.5773,-86.6611,2020-03-01,0.0,0.0,0.0,,,,,,,,,,,
362,362,362,"Polk County, GA",US,34.0132,-85.1479,2020-03-01,0.0,0.0,0.0,,,,,,,,,,,
363,363,363,"Riverside County, CA",US,33.9533,-117.3961,2020-03-01,0.0,0.0,0.0,,,,,,,,,,,
364,364,364,"Shelby County, TN",US,35.1269,-89.9253,2020-03-01,0.0,0.0,0.0,,,,,,,,,,,
365,365,365,"St. Louis County, MO",US,38.6103,-90.4125,2020-03-01,0.0,0.0,0.0,,,,,,,,,,,
366,366,366,"Suffolk County, NY",US,40.9849,-72.6151,2020-03-01,0.0,0.0,0.0,,,,,,,,,,,
367,367,367,"Ulster County, NY",US,41.8586,-74.3118,2020-03-01,0.0,0.0,0.0,,,,,,,,,,,
368,368,368,"Volusia County, FL",US,29.028,-81.0755,2020-03-01,0.0,0.0,0.0,,,,,,,,,,,
369,369,369,"Fairfax County, VA",US,38.9085,-77.2405,2020-03-01,0.0,0.0,0.0,,,,,,,,,,,
370,370,370,"Rockingham County, NH",US,42.9931,-71.0498,2020-03-01,0.0,0.0,0.0,,,,,,,,,,,
371,371,371,"Washington, D.C.",US,38.9072,-77.0369,2020-03-01,0.0,0.0,0.0,,,,,,,,,,,
372,372,372,"Montgomery County, PA",US,40.229,-75.3879,2020-03-01,0.0,0.0,0.0,,,,,,,,,,,
373,373,373,"Alameda County, CA",US,37.6017,-121.7195,2020-03-01,0.0,0.0,0.0,,,,,,,,,,,
374,374,374,"Broward County, FL",US,26.1901,-80.3659,2020-03-01,0.0,0.0,0.0,,,,,,,,,,,
375,375,375,"Lee County, FL",US,26.663,-81.9535,2020-03-01,0.0,0.0,0.0,,,,,,,,,,,
376,376,376,"Pinal County, AZ",US,32.8162,-111.2845,2020-03-01,0.0,0.0,0.0,,,,,,,,,,,
377,377,377,"Rockland County, NY",US,41.1489,-73.983,2020-03-01,0.0,0.0,0.0,,,,,,,,,,,
378,378,378,"Saratoga County, NY",US,43.0324,-73.936,2020-03-01,0.0,0.0,0.0,,,,,,,,,,,
379,379,379,"Charleston County, SC",US,32.7957,-79.7848,2020-03-01,0.0,0.0,0.0,,,,,,,,,,,
380,380,380,"Clark County, WA",US,45.7466,-122.5194,2020-03-01,0.0,0.0,0.0,,,,,,,,,,,
381,381,381,"Cobb County, GA",US,33.8999,-84.5641,2020-03-01,0.0,0.0,0.0,,,,,,,,,,,
382,382,382,"Davis County, UT",US,40.9629,-112.0953,2020-03-01,0.0,0.0,0.0,,,,,,,,,,,
383,383,383,"El Paso County, CO",US,38.9108,-104.4723,2020-03-01,0.0,0.0,0.0,,,,,,,,,,,
384,384,384,"Honolulu County, HI",US,21.307,-157.8584,2020-03-01,0.0,0.0,0.0,,,,,,,,,,,
385,385,385,"Jackson County, OR ",US,42.3345,-122.7647,2020-03-01,0.0,0.0,0.0,,,,,,,,,,,
386,386,386,"Jefferson County, WA",US,47.7425,-123.304,2020-03-01,0.0,0.0,0.0,,,,,,,,,,,
387,387,387,"Kershaw County, SC",US,34.3672,-80.5883,2020-03-01,0.0,0.0,0.0,,,,,,,,,,,
388,388,388,"Klamath County, OR",US,42.6953,-121.6142,2020-03-01,0.0,0.0,0.0,,,,,,,,,,,
389,389,389,"Madera County, CA",US,37.2519,-119.6963,2020-03-01,0.0,0.0,0.0,,,,,,,,,,,
390,390,390,"Pierce County, WA",US,47.0676,-122.1295,2020-03-01,0.0,0.0,0.0,,,,,,,,,,,
391,391,391,"Tulsa County, OK",US,36.1593,-95.941,2020-03-01,0.0,0.0,0.0,,,,,,,,,,,
392,392,392,"Douglas County, CO",US,39.2587,-104.9389,2020-03-01,0.0,0.0,0.0,,,,,,,,,,,
393,393,393,"Providence County, RI",US,41.8882,-71.4774,2020-03-01,1.0,0.0,0.0,,,,,,,,,,,
394,394,394,"Chatham County, NC",US,35.7211,-79.1781,2020-03-01,0.0,0.0,0.0,,,,,,,,,,,
395,395,395,"Delaware County, PA",US,39.9078,-75.3879,2020-03-01,0.0,0.0,0.0,,,,,,,,,,,
396,396,396,"Douglas County, NE",US,41.3148,-96.1951,2020-03-01,0.0,0.0,0.0,,,,,,,,,,,
397,397,397,"Fayette County, KY",US,38.0606,-84.4803,2020-03-01,0.0,0.0,0.0,,,,,,,,,,,
398,398,398,"Marion County, IN",US,39.8362,-86.1752,2020-03-01,0.0,0.0,0.0,,,,,,,,,,,
399,399,399,"Middlesex County, MA",US,42.4672,-71.2874,2020-03-01,0.0,0.0,0.0,,,,,,,,,,,
400,400,400,"Nassau County, NY",US,40.6546,-73.5594,2020-03-01,0.0,0.0,0.0,,,,,,,,,,,
401,401,401,"Ramsey County, MN",US,44.9964,-93.0616,2020-03-01,0.0,0.0,0.0,,,,,,,,,,,
402,402,402,"Washoe County, NV",US,40.5608,-119.6035,2020-03-01,0.0,0.0,0.0,,,,,,,,,,,
403,403,403,"Wayne County, PA",US,41.6739,-75.2479,2020-03-01,0.0,0.0,0.0,,,,,,,,,,,
404,404,404,"Yolo County, CA",US,38.7646,-121.9018,2020-03-01,0.0,0.0,0.0,,,,,,,,,,,
405,405,405,"Santa Clara County, CA",US,37.3541,-121.9552,2020-03-01,3.0,0.0,1.0,,,,,,,,,,,
406,406,406,"Clark County, NV",US,36.0796,-115.094,2020-03-01,0.0,0.0,0.0,,,,,,,,,,,
407,407,407,"Fort Bend County, TX",US,29.5693,-95.8143,2020-03-01,0.0,0.0,0.0,,,,,,,,,,,
408,408,408,"Grant County, WA",US,47.1981,-119.3732,2020-03-01,0.0,0.0,0.0,,,,,,,,,,,
409,409,409,"Santa Rosa County, FL",US,30.769,-86.9824,2020-03-01,0.0,0.0,0.0,,,,,,,,,,,
410,410,410,"Williamson County, TN",US,35.9179,-86.8622,2020-03-01,0.0,0.0,0.0,,,,,,,,,,,
411,411,411,"New York County, NY",US,40.7128,-74.006,2020-03-01,0.0,0.0,0.0,,,,,,,,,,,
412,412,412,"Montgomery County, MD",US,39.1547,-77.2405,2020-03-01,0.0,0.0,0.0,,,,,,,,,,,
413,413,413,"Suffolk County, MA",US,42.3601,-71.0589,2020-03-01,1.0,0.0,1.0,,,,,,,,,,,
414,414,414,"Denver County, CO",US,39.7392,-104.9903,2020-03-01,0.0,0.0,0.0,,,,,,,,,,,
415,415,415,"Summit County, CO",US,39.5912,-106.064,2020-03-01,0.0,0.0,0.0,,,,,,,,,,,
416,416,416,"Bergen County, NJ",US,40.9263,-74.077,2020-03-01,0.0,0.0,0.0,,,,,,,,,,,
417,417,417,"Harris County, TX",US,29.7752,-95.3103,2020-03-01,0.0,0.0,0.0,,,,,,,,,,,
418,418,418,"San Francisco County, CA",US,37.7749,-122.4194,2020-03-01,0.0,0.0,0.0,,,,,,,,,,,
419,419,419,"Contra Costa County, CA",US,37.8534,-121.9018,2020-03-01,0.0,0.0,0.0,,,,,,,,,,,
420,420,420,"Orange County, CA",US,33.7879,-117.8531,2020-03-01,1.0,0.0,0.0,,,,,,,,,,,
421,421,421,"Norfolk County, MA",US,42.1767,-71.1449,2020-03-01,0.0,0.0,0.0,,,,,,,,,,,
422,422,422,"Maricopa County, AZ",US,33.2918,-112.4291,2020-03-01,1.0,0.0,1.0,,,,,,,,,,,
423,423,423,"Wake County, NC",US,35.8032,-78.5661,2020-03-01,0.0,0.0,0.0,,,,,,,,,,,
424,424,424,"Westchester County, NY",US,41.122,-73.7949,2020-03-01,0.0,0.0,0.0,,,,,,,,,,,
425,425,425,"Grafton County, NH",US,43.9088,-71.82600000000002,2020-03-01,0.0,0.0,0.0,,,,,,,,,,,
426,426,426,"Hillsborough, FL",US,27.9904,-82.3018,2020-03-01,0.0,0.0,0.0,,,,,,,,,,,
427,427,427,"Placer County, CA",US,39.0916,-120.8039,2020-03-01,0.0,0.0,0.0,,,,,,,,,,,
428,428,428,"San Mateo, CA",US,37.563,-122.3255,2020-03-01,0.0,0.0,0.0,,,,,,,,,,,
429,429,429,"Sonoma County, CA",US,38.578,-122.9888,2020-03-01,0.0,0.0,0.0,,,,,,,,,,,
430,430,430,"Umatilla, OR",US,45.775,-118.7606,2020-03-01,0.0,0.0,0.0,,,,,,,,,,,
431,431,431,"Fulton County, GA",US,33.8034,-84.3963,2020-03-01,0.0,0.0,0.0,,,,,,,,,,,
432,432,432,"Washington County, OR",US,45.547,-123.1386,2020-03-01,1.0,0.0,0.0,,,,,,,,,,,
433,433,433,"Snohomish County, WA",US,48.033,-121.8339,2020-03-01,2.0,0.0,0.0,,,,,,,,,,,
434,434,434,"Humboldt County, CA",US,40.745,-123.8695,2020-03-01,1.0,0.0,0.0,,,,,,,,,,,
435,435,435,"Sacramento County, CA",US,38.4747,-121.3542,2020-03-01,2.0,0.0,0.0,,,,,,,,,,,
436,436,436,"San Diego County, CA",US,32.7157,-117.1611,2020-03-01,2.0,0.0,1.0,,,,,,,,,,,
437,437,437,"San Benito, CA",US,36.5761,-120.9876,2020-03-01,2.0,0.0,0.0,,,,,,,,,,,
438,438,438,"Los Angeles, CA",US,34.0522,-118.2437,2020-03-01,1.0,0.0,0.0,,,,,,,,,,,
439,439,439,"King County, WA",US,47.6062,-122.3321,2020-03-01,9.0,1.0,1.0,,,,,,,,,,,
440,440,440,"Cook County, IL",US,41.7377,-87.6976,2020-03-01,3.0,0.0,2.0,,,,,,,,,,,
441,441,441,"Skagit, WA",US,48.4242,-121.7114,2020-03-01,0.0,0.0,0.0,,,,,,,,,,,
442,442,442,"Thurston, WA",US,46.8646,-122.7696,2020-03-01,0.0,0.0,0.0,,,,,,,,,,,
443,443,443,"Island, WA",US,48.1976,-122.5795,2020-03-01,0.0,0.0,0.0,,,,,,,,,,,
444,444,444,"Whatcom, WA",US,48.8787,-121.9719,2020-03-01,0.0,0.0,0.0,,,,,,,,,,,
445,445,445,"Marin, CA",US,38.0834,-122.7633,2020-03-01,0.0,0.0,0.0,,,,,,,,,,,
446,446,446,"Calaveras, CA",US,38.196,-120.6805,2020-03-01,0.0,0.0,0.0,,,,,,,,,,,
447,447,447,"Stanislaus, CA",US,37.5091,-120.9876,2020-03-01,0.0,0.0,0.0,,,,,,,,,,,
448,448,448,"San Joaquin, CA",US,36.6066,-120.189,2020-03-01,0.0,0.0,0.0,,,,,,,,,,,
449,449,449,"Essex, MA",US,42.632,-70.7829,2020-03-01,0.0,0.0,0.0,,,,,,,,,,,
450,450,450,"Charlton, GA",US,30.7917,-82.0843,2020-03-01,0.0,0.0,0.0,,,,,,,,,,,
451,451,451,"Collier, FL",US,26.07,-81.4279,2020-03-01,0.0,0.0,0.0,,,,,,,,,,,
452,452,452,"Pinellas, FL",US,27.8764,-82.7779,2020-03-01,0.0,0.0,0.0,,,,,,,,,,,
453,453,453,"Alachua, FL",US,29.7938,-82.4944,2020-03-01,0.0,0.0,0.0,,,,,,,,,,,
454,454,454,"Nassau, FL",US,30.5927,-81.8224,2020-03-01,0.0,0.0,0.0,,,,,,,,,,,
455,455,455,"Pasco, FL",US,28.3232,-82.4319,2020-03-01,0.0,0.0,0.0,,,,,,,,,,,
456,456,456,"Dallas, TX",US,32.7767,-96.797,2020-03-01,0.0,0.0,0.0,,,,,,,,,,,
457,457,457,"Tarrant, TX",US,32.7732,-97.3517,2020-03-01,0.0,0.0,0.0,,,,,,,,,,,
458,458,458,"Montgomery, TX",US,30.3883,-95.6963,2020-03-01,0.0,0.0,0.0,,,,,,,,,,,
459,459,459,"Middlesex, NJ",US,40.5726,-74.4927,2020-03-01,0.0,0.0,0.0,,,,,,,,,,,
460,460,460,"Jefferson, CO",US,39.58,-105.2663,2020-03-01,0.0,0.0,0.0,,,,,,,,,,,
461,461,461,"Multnomah, OR",US,45.5146,-122.5863,2020-03-01,0.0,0.0,0.0,,,,,,,,,,,
462,462,462,"Polk, OR",US,44.9267,-123.4919,2020-03-01,0.0,0.0,0.0,,,,,,,,,,,
463,463,463,"Deschutes, OR",US,43.8325,-121.2617,2020-03-01,0.0,0.0,0.0,,,,,,,,,,,
464,464,464,"McHenry, IL",US,42.3334,-88.2668,2020-03-01,0.0,0.0,0.0,,,,,,,,,,,
465,465,465,"Lake, IL",US,42.3689,-87.8272,2020-03-01,0.0,0.0,0.0,,,,,,,,,,,
466,466,466,"Bucks, PA",US,40.4108,-75.2479,2020-03-01,0.0,0.0,0.0,,,,,,,,,,,
467,467,467,"Hanover, VA",US,37.7772,-77.5161,2020-03-01,0.0,0.0,0.0,,,,,,,,,,,
468,468,468,"Lancaster, SC",US,34.7253,-80.6771,2020-03-01,0.0,0.0,0.0,,,,,,,,,,,
469,469,469,"Sullivan, TN",US,36.4933,-82.3452,2020-03-01,0.0,0.0,0.0,,,,,,,,,,,
470,470,470,"Johnson, IN",US,39.4638,-86.1345,2020-03-01,0.0,0.0,0.0,,,,,,,,,,,
471,471,471,"Howard, IN",US,40.4483,-86.1345,2020-03-01,0.0,0.0,0.0,,,,,,,,,,,
472,472,472,"St. Joseph, IN",US,41.6228,-86.3377,2020-03-01,0.0,0.0,0.0,,,,,,,,,,,
473,473,473,"Knox, NE",US,42.6712,-97.8722,2020-03-01,0.0,0.0,0.0,,,,,,,,,,,
474,474,474,"Stark, OH",US,40.8685,-81.2519,2020-03-01,0.0,0.0,0.0,,,,,,,,,,,
475,475,475,"Anoka, MN",US,45.3293,-93.2197,2020-03-01,0.0,0.0,0.0,,,,,,,,,,,
476,476,476,"Olmsted, MN",US,43.9952,-92.3814,2020-03-01,0.0,0.0,0.0,,,,,,,,,,,
477,477,477,"Summit, UT",US,40.8298,-110.9984,2020-03-01,0.0,0.0,0.0,,,,,,,,,,,
478,478,478,"Fairfield, CT",US,41.256,-73.3709,2020-03-01,0.0,0.0,0.0,,,,,,,,,,,
479,479,479,"Litchfield, CT",US,41.7866,-73.2765,2020-03-01,0.0,0.0,0.0,,,,,,,,,,,
480,480,480,"Orleans, LA",US,29.9511,-90.0715,2020-03-01,0.0,0.0,0.0,,,,,,,,,,,
481,481,481,"Pennington, SD",US,43.8901,-102.2548,2020-03-01,0.0,0.0,0.0,,,,,,,,,,,
482,482,482,"Beadle, SD",US,44.4797,-98.2213,2020-03-01,0.0,0.0,0.0,,,,,,,,,,,
483,483,483,"Charles Mix, SD",US,43.0985,-98.3965,2020-03-01,0.0,0.0,0.0,,,,,,,,,,,
484,484,484,"Davison, SD",US,43.7242,-98.2213,2020-03-01,0.0,0.0,0.0,,,,,,,,,,,
485,485,485,"Minnehaha, SD",US,43.6632,-96.8351,2020-03-01,0.0,0.0,0.0,,,,,,,,,,,
486,486,486,"Bon Homme, SD",US,42.9815,-97.8722,2020-03-01,0.0,0.0,0.0,,,,,,,,,,,
487,487,487,"Socorro, NM",US,33.8837,-106.7235,2020-03-01,0.0,0.0,0.0,,,,,,,,,,,
488,488,488,"Bernalillo, NM",US,35.0178,-106.6291,2020-03-01,0.0,0.0,0.0,,,,,,,,,,,
489,489,489,"Oakland, MI",US,42.5922,-83.3362,2020-03-01,0.0,0.0,0.0,,,,,,,,,,,
490,490,490,"Wayne, MI",US,42.2791,-83.3362,2020-03-01,0.0,0.0,0.0,,,,,,,,,,,
491,491,491,"New Castle, DE",US,39.5393,-75.6674,2020-03-01,0.0,0.0,0.0,,,,,,,,,,,
492,492,492,Alabama,US,32.3182,-86.9023,2020-03-01,0.0,0.0,0.0,1.0,,,,,,,,,,
493,493,493,Puerto Rico,US,18.2208,-66.5901,2020-03-01,0.0,0.0,0.0,72.0,,,,,,,,,,
494,494,494,Guam,US,13.4443,144.7937,2020-03-01,0.0,0.0,0.0,66.0,,,,,,,,,,
495,495,495,Virgin Islands,US,18.3358,-64.8963,2020-03-01,0.0,0.0,0.0,78.0,,,,,,,,,,
496,496,496,United States Virgin Islands,US,18.3358,-64.8963,2020-03-01,0.0,0.0,0.0,,,,,,,,,,,
497,497,497,US,US,37.0902,-95.7129,2020-03-01,0.0,0.0,0.0,,,,,,,,,,,
498,498,498,Alabama,US,32.3182,-86.9023,2020-05-01,7294.0,289.0,0.0,1.0,2020-05-02 02:32:31,7005.0,155.5589726112559,91933.0,1008.0,3.9621606800109683,84000001.0,USA,1960.6530064533301,13.81957773512476
499,499,499,Alaska,US,61.3707,-152.4044,2020-05-01,364.0,9.0,254.0,2.0,2020-05-02 02:32:31,101.0,60.89512487682957,20325.0,,2.4725274725274726,84000002.0,USA,3400.2566294548383,
500,500,500,American Samoa,US,-14.271,-170.132,2020-05-01,0.0,0.0,0.0,60.0,2020-05-02 02:32:31,0.0,0.0,57.0,,,16.0,ASM,102.44244352186337,
501,501,501,Arizona,US,33.7298,-111.4312,2020-05-01,7969.0,330.0,1528.0,4.0,2020-05-02 02:32:31,6111.0,109.48358069148723,74879.0,1203.0,4.141046555402183,84000004.0,USA,1028.7389934242533,15.095996988329778
502,502,502,Arkansas,US,34.9697,-92.3731,2020-05-01,3337.0,64.0,1973.0,5.0,2020-05-02 02:32:31,1300.0,128.89011972451428,49676.0,414.0,1.917890320647288,84000005.0,USA,1918.7130918294788,12.406353011687145
503,503,503,California,US,36.1162,-119.6816,2020-05-01,52026.0,2126.0,0.0,6.0,2020-05-02 02:32:31,49900.0,132.6902094488406,654985.0,,4.08641832929689,84000006.0,USA,1670.5127596941693,
504,504,504,Colorado,US,39.0598,-105.3111,2020-05-01,15793.0,821.0,2486.0,8.0,2020-05-02 02:32:31,12486.0,278.69280316820056,72390.0,2697.0,5.198505667067689,84000008.0,USA,1277.4376002878516,17.077186095105425
505,505,505,Connecticut,US,41.5978,-72.7554,2020-05-01,28764.0,2339.0,4346.0,9.0,2020-05-02 02:32:31,22079.0,806.7793700759572,100257.0,7758.0,8.131692393269365,84000009.0,USA,2812.031682161913,26.971214017521906
506,506,506,Delaware,US,39.3185,-75.5071,2020-05-01,4918.0,159.0,1403.0,10.0,2020-05-02 02:32:31,3356.0,505.05050505050485,22585.0,,3.2330215534770232,84000010.0,USA,2319.3504791715445,
507,507,507,Diamond Princess,US,,,2020-05-01,49.0,0.0,0.0,88888.0,2020-05-02 02:32:31,49.0,,,,0.0,84088888.0,USA,,
508,508,508,District of Columbia,US,38.8974,-77.0268,2020-05-01,4658.0,231.0,666.0,11.0,2020-05-02 02:32:31,3761.0,660.0080198484162,21135.0,,4.959209961356805,84000011.0,USA,2994.6907469936195,
509,509,509,Florida,US,27.7663,-81.6868,2020-05-01,34728.0,1314.0,0.0,12.0,2020-05-02 02:32:31,33414.0,163.55976275356872,402699.0,5795.0,3.7836903939184516,84000012.0,USA,1896.6065682187107,16.686823312600783
510,510,510,Georgia,US,33.0406,-83.6431,2020-05-01,27489.0,1169.0,0.0,13.0,2020-05-02 02:32:31,26320.0,271.110903778954,168367.0,5269.0,4.252610134963076,84000013.0,USA,1660.5234652606916,19.16766706682673
511,511,511,Grand Princess,US,,,2020-05-01,103.0,3.0,0.0,99999.0,2020-05-02 02:32:31,100.0,,,,2.9126213592233015,84099999.0,USA,,
512,512,512,Guam,US,13.4443,144.7937,2020-05-01,145.0,5.0,131.0,66.0,2020-05-02 02:32:31,9.0,88.29134927448868,3005.0,,3.4482758620689653,316.0,GUM,1829.762100481645,
513,513,513,Hawaii,US,21.0943,-157.4983,2020-05-01,619.0,16.0,526.0,15.0,2020-05-02 02:32:31,77.0,43.721296862661454,31094.0,70.0,2.5848142164781907,84000015.0,USA,2196.2358718054847,11.308562197092085
514,514,514,Idaho,US,44.2405,-114.4788,2020-05-01,2015.0,63.0,1175.0,16.0,2020-05-02 02:32:31,777.0,125.11665653521864,29225.0,178.0,3.126550868486353,84000016.0,USA,1814.657214512042,8.833746898263028
515,515,515,Illinois,US,40.3495,-88.9861,2020-05-01,56055.0,2457.0,0.0,17.0,2020-05-02 02:32:31,53598.0,477.64704699431724,284688.0,,4.383195076264383,84000017.0,USA,2425.8385962843313,
516,516,516,Indiana,US,39.8494,-86.2583,2020-05-01,18630.0,1175.0,0.0,18.0,2020-05-02 02:32:31,17455.0,284.688525081166,99639.0,,6.3070316693505095,84000018.0,USA,1522.6022517746808,
517,517,517,Iowa,US,42.0115,-93.2105,2020-05-01,7884.0,170.0,2899.0,19.0,2020-05-02 02:32:31,4815.0,300.83416230621214,45592.0,,2.156265854895992,84000019.0,USA,1739.67923996256,
518,518,518,Kansas,US,38.5266,-96.7265,2020-05-01,4634.0,140.0,280.0,20.0,2020-05-02 02:32:31,4214.0,190.03579267152432,33034.0,534.0,3.0211480362537766,84000020.0,USA,1354.6919238478927,11.523521795425115
519,519,519,Kentucky,US,37.6681,-84.6701,2020-05-01,4882.0,246.0,1675.0,21.0,2020-05-02 02:32:31,2961.0,142.61080599643094,56612.0,1375.0,5.038918476034413,84000021.0,USA,1653.7244877242829,28.16468660385088
520,520,520,Louisiana,US,31.1695,-91.8678,2020-05-01,28711.0,1970.0,17303.0,22.0,2020-05-02 02:32:31,9438.0,624.5233580132192,168251.0,,6.861481662080736,84000022.0,USA,3659.805632304069,
521,521,521,Maine,US,44.6939,-69.3819,2020-05-01,1123.0,55.0,657.0,23.0,2020-05-02 02:32:31,411.0,95.65538847331274,20669.0,177.0,4.8975957257346385,84000023.0,USA,1760.5531828627793,15.761353517364205
522,522,522,Maryland,US,39.0639,-76.8021,2020-05-01,23472.0,1080.0,1517.0,24.0,2020-05-02 02:32:31,20875.0,394.9297826893488,120983.0,4718.0,4.601226993865031,84000024.0,USA,2035.6079541200354,20.10054533060668
523,523,523,Massachusetts,US,42.2302,-71.5301,2020-05-01,64311.0,3716.0,0.0,25.0,2020-05-02 02:32:31,60595.0,936.9629410767141,289636.0,6169.0,5.778171696910326,84000025.0,USA,4219.77886211838,9.592449192206619
524,524,524,Michigan,US,43.3266,-84.5361,2020-05-01,42356.0,3866.0,8342.0,26.0,2020-05-02 02:32:31,30148.0,531.6257448138689,190505.0,,9.127396354707717,84000026.0,USA,2391.0983689622744,
525,525,525,Minnesota,US,45.6945,-93.9002,2020-05-01,5730.0,370.0,2282.0,27.0,2020-05-02 02:32:31,3078.0,115.8407470737576,74829.0,1096.0,6.457242582897033,84000027.0,USA,1512.7831174139978,19.12739965095986
526,526,526,Mississippi,US,32.7416,-89.6787,2020-05-01,7212.0,281.0,3413.0,28.0,2020-05-02 02:32:31,3518.0,249.1014456311572,71548.0,1226.0,3.8962839711591792,84000028.0,USA,2471.2576583496993,16.99944536882973
527,527,527,Missouri,US,38.4561,-92.2884,2020-05-01,8067.0,360.0,0.0,29.0,2020-05-02 02:32:31,7707.0,137.67489678222688,82425.0,,4.462625511342506,84000029.0,USA,1406.7005537715447,
528,528,528,Montana,US,46.9219,-110.4544,2020-05-01,453.0,16.0,397.0,30.0,2020-05-02 02:32:31,40.0,52.310254080026596,14203.0,61.0,3.532008830022076,84000030.0,USA,1640.0939044119598,13.465783664459162
529,529,529,Nebraska,US,41.1254,-98.2681,2020-05-01,5008.0,73.0,0.0,31.0,2020-05-02 02:32:31,4935.0,328.33488059834576,27385.0,,1.4576677316293931,84000031.0,USA,1795.4174730802113,
530,530,530,Nevada,US,38.3135,-117.0554,2020-05-01,5248.0,246.0,182.0,32.0,2020-05-02 02:32:31,4820.0,173.96510156638203,43595.0,,4.6875,84000032.0,USA,1445.1235904699743,
531,531,531,New Hampshire,US,43.4525,-71.5639,2020-05-01,2310.0,81.0,980.0,33.0,2020-05-02 02:32:31,1249.0,173.9263997687005,22049.0,262.0,3.5064935064935066,84000033.0,USA,1660.1312504329333,11.341991341991339
532,532,532,New Jersey,US,40.2989,-74.521,2020-05-01,121190.0,7538.0,15642.0,34.0,2020-05-02 02:32:31,98010.0,1364.4157578254913,256545.0,,6.21998514728938,84000034.0,USA,2888.3079510796324,
533,533,533,New Mexico,US,34.8405,-106.2485,2020-05-01,3513.0,131.0,760.0,35.0,2020-05-02 02:32:31,2622.0,210.67049347749042,67869.0,536.0,3.729006547110731,84000035.0,USA,4070.024401316197,15.257614574437802
534,534,534,New York,US,42.1657,-74.9481,2020-05-01,308314.0,24039.0,56187.0,36.0,2020-05-02 02:32:31,228088.0,1828.5602447063568,927438.0,67180.0,7.796921320471988,84000036.0,USA,5500.4841046140455,21.789474367041393
535,535,535,North Carolina,US,35.6301,-79.8064,2020-05-01,11070.0,419.0,0.0,37.0,2020-05-02 02:32:31,10651.0,111.61665175251757,133832.0,,3.7850045167118336,84000037.0,USA,1349.4019636262808,
536,536,536,North Dakota,US,47.5289,-99.784,2020-05-01,1107.0,23.0,482.0,38.0,2020-05-02 02:32:31,602.0,182.54735182662785,29525.0,86.0,2.0776874435411017,84000038.0,USA,4868.753895827629,7.768744354110208
537,537,537,Northern Mariana Islands,US,15.0979,145.6739,2020-05-01,14.0,2.0,12.0,69.0,2020-05-02 02:32:31,0.0,25.388074858552155,763.0,,14.285714285714285,580.0,MNP,1383.6500797910926,
538,538,538,Ohio,US,40.3888,-82.7649,2020-05-01,18743.0,1003.0,0.0,39.0,2020-05-02 02:32:31,17740.0,167.73970677993103,140506.0,3634.0,5.351331163634423,84000039.0,USA,1257.4526618375387,19.388571733447154
539,539,539,Oklahoma,US,35.5653,-96.9289,2020-05-01,3748.0,230.0,2467.0,40.0,2020-05-02 02:32:31,1051.0,102.47061351682535,63552.0,715.0,6.136606189967983,84000040.0,USA,1737.5166569427124,19.076840981856986
540,540,540,Oregon,US,44.572,-122.0709,2020-05-01,2579.0,104.0,0.0,41.0,2020-05-02 02:32:31,2475.0,64.3611772580192,58176.0,591.0,4.032570763861962,84000041.0,USA,1451.83243433987,22.915858860023263
541,541,541,Pennsylvania,US,40.5908,-77.2098,2020-05-01,49579.0,2635.0,0.0,42.0,2020-05-02 02:32:31,46944.0,393.87496974180016,227448.0,,5.314750196655842,84000042.0,USA,1806.9358824872013,
542,542,542,Puerto Rico,US,18.2208,-66.5901,2020-05-01,1575.0,94.0,0.0,72.0,2020-05-02 02:32:31,1481.0,53.69181511743336,10888.0,,5.9682539682539675,630.0,PRI,371.17237015785065,
543,543,543,Rhode Island,US,41.6809,-71.5118,2020-05-01,8962.0,279.0,485.0,44.0,2020-05-02 02:32:31,8198.0,845.9816814098309,66648.0,937.0,3.113144387413524,84000044.0,USA,6291.339779357556,10.455255523320687
544,544,544,South Carolina,US,33.8569,-80.945,2020-05-01,6258.0,256.0,3622.0,45.0,2020-05-02 02:32:31,2380.0,124.16728257580642,59379.0,1110.0,4.090763822307446,84000045.0,USA,1178.1606059553867,17.737296260786195
545,545,545,South Dakota,US,44.2998,-99.4388,2020-05-01,2525.0,21.0,1686.0,46.0,2020-05-02 02:32:31,818.0,343.12100145129995,17363.0,179.0,0.8316831683168316,84000046.0,USA,2359.449484435216,7.089108910891089
546,546,546,Tennessee,US,35.7478,-86.6923,2020-05-01,11891.0,204.0,5546.0,47.0,2020-05-02 02:32:31,6141.0,181.1291485406773,186132.0,1113.0,1.7155832141956102,84000047.0,USA,2835.2477231665416,9.360020183331931
547,547,547,Texas,US,31.0545,-97.5635,2020-05-01,29692.0,840.0,14122.0,48.0,2020-05-02 02:32:31,14730.0,129.18236724208046,351775.0,,2.8290448605685032,84000048.0,USA,1530.4838756763725,
548,548,548,Utah,US,40.15,-111.8624,2020-05-01,4828.0,46.0,2062.0,49.0,2020-05-02 02:32:31,2720.0,168.46471697020326,112558.0,403.0,0.9527754763877382,84000049.0,USA,3927.5169040455958,8.347141673570839
549,549,549,Vermont,US,44.0459,-72.7107,2020-05-01,879.0,50.0,0.0,50.0,2020-05-02 02:32:31,829.0,143.9588857352958,16233.0,,5.688282138794084,84000050.0,USA,2658.5717771798145,
550,550,550,Virgin Islands,US,18.3358,-64.8963,2020-05-01,66.0,4.0,51.0,78.0,2020-05-02 02:32:31,11.0,61.52813513815864,877.0,,6.0606060606060606,850.0,VIR,817.5784017600778,
551,551,551,Virginia,US,37.7693,-78.17,2020-05-01,16902.0,581.0,2196.0,51.0,2020-05-02 02:32:31,14125.0,213.75374182868083,105648.0,3654.0,3.4374630221275586,84000051.0,USA,1336.093676293721,21.61874334398296
552,552,552,Washington,US,47.4009,-121.4905,2020-05-01,14637.0,824.0,0.0,53.0,2020-05-02 02:32:31,13813.0,193.8828805403553,193981.0,,5.629568900731024,84000053.0,USA,2569.487944940812,
553,553,553,West Virginia,US,38.4912,-80.9545,2020-05-01,1152.0,46.0,555.0,54.0,2020-05-02 02:32:31,551.0,87.07496156456774,46844.0,,3.9930555555555554,84000054.0,USA,3540.746093342545,
554,554,554,Wisconsin,US,44.2685,-89.6165,2020-05-01,7314.0,327.0,3352.0,55.0,2020-05-02 02:32:31,3635.0,141.3450506331829,79880.0,1544.0,4.470877768662838,84000055.0,USA,1543.7028499560645,21.110199617172547
555,555,555,Wyoming,US,42.756,-107.3025,2020-05-01,566.0,7.0,373.0,56.0,2020-05-02 02:32:31,186.0,113.82833239481941,9695.0,56.0,1.2367491166077738,84000056.0,USA,1949.7626900490714,9.89399293286219
556,556,556,Alabama,US,32.3182,-86.9023,2020-06-01,18630.0,646.0,9355.0,1.0,2020-06-02 02:33:16,8629.0,379.95710951147066,223523.0,1856.0,3.467525496511004,84000001.0,USA,4558.730702594334,9.962426194310252
557,557,557,Alaska,US,61.3707,-152.4044,2020-06-01,466.0,10.0,368.0,2.0,2020-06-02 02:33:16,88.0,63.70079762694024,54190.0,,2.145922746781116,84000002.0,USA,7407.60992146758,
558,558,558,American Samoa,US,-14.271,-170.132,2020-06-01,0.0,0.0,,60.0,2020-06-02 02:33:16,0.0,0.0,174.0,,,16.0,ASM,312.7190381193724,
559,559,559,Arizona,US,33.7298,-111.4312,2020-06-01,20129.0,918.0,4869.0,4.0,2020-06-02 02:33:16,14342.0,276.5459901793132,228070.0,3018.0,4.5605842317055,84000004.0,USA,3133.381885846091,14.993293258482788
560,560,560,Arkansas,US,34.9697,-92.3731,2020-06-01,7443.0,133.0,5401.0,5.0,2020-06-02 02:33:16,1909.0,246.6362957965461,133236.0,711.0,1.786913878812307,84000005.0,USA,4414.998455830796,9.552599758162033
561,561,561,California,US,36.1162,-119.6816,2020-06-01,114733.0,4217.0,,6.0,2020-06-02 02:33:16,110516.0,290.37343710071684,2012583.0,,3.675490050813628,84000006.0,USA,5093.570665462179,
562,562,562,Colorado,US,39.0598,-105.3111,2020-06-01,26563.0,1458.0,3919.0,8.0,2020-06-02 02:33:16,21186.0,461.2644163580341,186376.0,4347.0,5.488837857169749,84000008.0,USA,3236.404655466061,16.364868426006094
563,563,563,Connecticut,US,41.5978,-72.7554,2020-06-01,42740.0,3970.0,7511.0,9.0,2020-06-02 02:33:16,31259.0,1198.7814725714932,261390.0,13793.0,9.288722508189052,84000009.0,USA,7331.527588101603,32.27187646233037
564,564,564,Delaware,US,39.3185,-75.5071,2020-06-01,9605.0,368.0,5353.0,10.0,2020-06-02 02:33:16,3884.0,986.3786297295854,62447.0,,3.831337844872462,84000010.0,USA,6412.950160408476,
565,565,565,Diamond Princess,US,,,2020-06-01,49.0,0.0,,88888.0,2020-06-02 02:33:16,49.0,,,,0.0,84088888.0,USA,,
566,566,566,District of Columbia,US,38.8974,-77.0268,2020-06-01,8857.0,468.0,1126.0,11.0,2020-06-02 02:33:16,7263.0,1254.978753069434,47263.0,,5.28395619284182,84000011.0,USA,6696.856814533212,
567,567,567,Florida,US,27.7663,-81.6868,2020-06-01,56830.0,2460.0,,12.0,2020-06-02 02:33:16,54370.0,264.5995711745609,1040400.0,10494.0,4.328699630476861,84000012.0,USA,4844.085761921751,18.465599155375678
568,568,568,Georgia,US,33.0406,-83.6431,2020-06-01,47902.0,2094.0,,13.0,2020-06-02 02:33:16,45808.0,451.1640913242319,471631.0,8127.0,4.371424992693416,84000013.0,USA,4442.0477549024845,16.96588868940754
569,569,569,Grand Princess,US,,,2020-06-01,103.0,3.0,,99999.0,2020-06-02 02:33:16,100.0,,,,2.9126213592233015,84099999.0,USA,,
570,570,570,Guam,US,13.4443,144.7937,2020-06-01,175.0,5.0,145.0,66.0,2020-06-02 02:33:16,25.0,106.55852498645183,6316.0,,2.8571428571428568,316.0,GUM,3845.8493932253136,
571,571,571,Hawaii,US,21.0943,-157.4983,2020-06-01,652.0,17.0,608.0,15.0,2020-06-02 02:33:16,27.0,46.049360394159926,48487.0,83.0,2.607361963190184,84000015.0,USA,3424.5327261221355,12.730061349693253
572,572,572,Idaho,US,44.2405,-114.4788,2020-06-01,2839.0,82.0,2248.0,16.0,2020-06-02 02:33:16,509.0,158.86383539490728,46697.0,242.0,2.8883409651285663,84000016.0,USA,2613.0554848312736,8.524128214159916
573,573,573,Illinois,US,40.3495,-88.9861,2020-06-01,121234.0,5412.0,,17.0,2020-06-02 02:33:16,115822.0,956.721216311373,918273.0,,4.464094230991307,84000017.0,USA,7246.574900324113,
574,574,574,Indiana,US,39.8494,-86.2583,2020-06-01,34830.0,2143.0,22224.0,18.0,2020-06-02 02:33:16,10463.0,517.362848713032,265896.0,5860.0,6.1527418891759975,84000018.0,USA,3949.604134981349,16.824576514498993
575,575,575,Iowa,US,42.0115,-93.2105,2020-06-01,19699.0,555.0,11440.0,19.0,2020-06-02 02:33:16,7704.0,624.3601568269484,159081.0,,2.8174018985735314,84000019.0,USA,5042.07513620934,
576,576,576,Kansas,US,38.5266,-96.7265,2020-06-01,9920.0,217.0,547.0,20.0,2020-06-02 02:33:16,9156.0,340.5056921430371,95241.0,842.0,2.1875,84000020.0,USA,3269.163571108367,8.487903225806452
577,577,577,Kentucky,US,37.6681,-84.6701,2020-06-01,10046.0,439.0,3232.0,21.0,2020-06-02 02:33:16,6375.0,224.85978718675247,216046.0,2274.0,4.369898467051564,84000021.0,USA,4835.761256475127,22.63587497511447
578,578,578,Louisiana,US,31.1695,-91.8678,2020-06-01,40341.0,2801.0,31728.0,22.0,2020-06-02 02:33:16,5812.0,867.7734483395049,387370.0,,6.943308296770035,84000022.0,USA,8332.698760151558,
579,579,579,Maine,US,44.6939,-69.3819,2020-06-01,2349.0,89.0,1586.0,23.0,2020-06-02 02:33:16,674.0,174.74922110500427,49633.0,284.0,3.7888463175819496,84000023.0,USA,3692.349123501353,12.09025117071094
580,580,580,Maryland,US,39.0639,-76.8021,2020-06-01,53327.0,2552.0,3782.0,24.0,2020-06-02 02:33:16,46993.0,882.0678567175238,308730.0,8886.0,4.78556828623399,84000024.0,USA,5106.621587646056,16.663228758415062
581,581,581,Massachusetts,US,42.2302,-71.5301,2020-06-01,100805.0,7035.0,,25.0,2020-06-02 02:33:16,93770.0,1462.5311008207034,592853.0,9823.0,6.978820495015127,84000025.0,USA,8601.418091511894,9.744556321611027
582,582,582,Michigan,US,43.3266,-84.5361,2020-06-01,57532.0,5516.0,38099.0,26.0,2020-06-02 02:33:16,13917.0,576.0771381827135,568023.0,,9.587707710491552,84000026.0,USA,5687.705351143008,
583,583,583,Minnesota,US,45.6945,-93.9002,2020-06-01,25208.0,1060.0,19441.0,27.0,2020-06-02 02:33:16,4707.0,446.9795192310421,255592.0,3086.0,4.205014281180578,84000027.0,USA,4532.068759096338,12.242145350682325
584,584,584,Mississippi,US,32.7416,-89.6787,2020-06-01,15752.0,739.0,11203.0,28.0,2020-06-02 02:33:16,3810.0,529.2745759704907,176254.0,2296.0,4.691467750126968,84000028.0,USA,5922.216932015163,14.57592686642966
585,585,585,Missouri,US,38.4561,-92.2884,2020-06-01,13724.0,776.0,,29.0,2020-06-02 02:33:16,12948.0,223.61158452693863,199708.0,,5.654328184202857,84000029.0,USA,3253.936339456854,
586,586,586,Montana,US,46.9219,-110.4544,2020-06-01,519.0,17.0,461.0,30.0,2020-06-02 02:33:16,41.0,48.5601312901276,40657.0,67.0,3.2755298651252414,84000030.0,USA,3804.064080660343,12.909441233140655
587,587,587,Nebraska,US,41.1254,-98.2681,2020-06-01,14345.0,170.0,,31.0,2020-06-02 02:33:16,14175.0,741.5705476817714,103665.0,,1.1850819100731962,84000031.0,USA,5359.003891629894,
588,588,588,Nevada,US,38.3135,-117.0554,2020-06-01,8702.0,417.0,459.0,32.0,2020-06-02 02:33:16,7826.0,282.5181581712095,146783.0,,4.7920018386577805,84000032.0,USA,4765.440451717381,
589,589,589,New Hampshire,US,43.4525,-71.5639,2020-06-01,4685.0,245.0,2948.0,33.0,2020-06-02 02:33:16,1492.0,344.5585128016174,72456.0,451.0,5.229455709711846,84000033.0,USA,5328.779424451225,9.626467449306297
590,590,590,New Jersey,US,40.2989,-74.521,2020-06-01,160918.0,11723.0,26703.0,34.0,2020-06-02 02:33:16,122492.0,1811.6928370142948,795600.0,17222.0,7.2850768714500544,84000034.0,USA,8957.250407838608,10.702345293876384
591,591,591,New Mexico,US,34.8405,-106.2485,2020-06-01,7800.0,362.0,2853.0,35.0,2020-06-02 02:33:16,4585.0,371.99027674645856,199604.0,1317.0,4.641025641025641,84000035.0,USA,9519.326564064117,16.884615384615387
592,592,592,New York,US,42.1657,-74.9481,2020-06-01,371711.0,29917.0,66110.0,36.0,2020-06-02 02:33:16,275684.0,1910.7607085407144,2113777.0,89703.0,8.04845700019639,84000036.0,USA,10865.758716360464,24.132457742708716
593,593,593,North Carolina,US,35.6301,-79.8064,2020-06-01,29592.0,948.0,18860.0,37.0,2020-06-02 02:33:16,9784.0,282.1487699755265,421908.0,,3.203568532035685,84000037.0,USA,4022.736660003867,
594,594,594,North Dakota,US,47.5289,-99.784,2020-06-01,2625.0,61.0,2078.0,38.0,2020-06-02 02:33:16,486.0,344.4601620340602,73301.0,169.0,2.323809523809524,84000038.0,USA,9618.771176098531,6.438095238095237
595,595,595,Northern Mariana Islands,US,15.0979,145.6739,2020-06-01,22.0,2.0,16.0,69.0,2020-06-02 02:33:16,4.0,39.895546206296245,6334.0,,9.090909090909092,580.0,MNP,11486.290439576382,
596,596,596,Ohio,US,40.3888,-82.7649,2020-06-01,35984.0,2207.0,,39.0,2020-06-02 02:33:16,33777.0,307.8423488549161,398066.0,6112.0,6.133281458425968,84000039.0,USA,3405.446099357521,16.985326811916412
597,597,597,Oklahoma,US,35.5653,-96.9289,2020-06-01,6573.0,334.0,5511.0,40.0,2020-06-02 02:33:16,728.0,174.70433824255974,193273.0,986.0,5.062924924056127,84000040.0,USA,4884.367360791878,14.262982786055256
598,598,598,Oregon,US,44.572,-122.0709,2020-06-01,4302.0,154.0,2164.0,41.0,2020-06-02 02:33:16,1984.0,101.99782489994041,131618.0,790.0,3.579730357973036,84000041.0,USA,3120.583383933137,18.36355183635518
599,599,599,Pennsylvania,US,40.5908,-77.2098,2020-06-01,76646.0,5567.0,48428.0,42.0,2020-06-02 02:33:16,22651.0,598.7038420357961,462329.0,,7.263262270699058,84000042.0,USA,3611.3841372617962,
600,600,600,Puerto Rico,US,18.2208,-66.5901,2020-06-01,3873.0,136.0,,72.0,2020-06-02 02:33:16,3737.0,132.03073012686949,3873.0,,3.5114898011877096,630.0,PRI,132.03073012686949,
601,601,601,Rhode Island,US,41.6809,-71.5118,2020-06-01,14991.0,720.0,1281.0,44.0,2020-06-02 02:33:16,12990.0,1415.0983470224032,156835.0,1724.0,4.8028817290374235,84000044.0,USA,14804.679424672044,11.500233473417385
602,602,602,South Carolina,US,33.8569,-80.945,2020-06-01,12148.0,500.0,6459.0,45.0,2020-06-02 02:33:16,5189.0,235.9424120275471,204688.0,1634.0,4.1159038524860065,84000045.0,USA,3975.516993175384,13.450773789924268
603,603,603,South Dakota,US,44.2998,-99.4388,2020-06-01,5034.0,62.0,3903.0,46.0,2020-06-02 02:33:16,1069.0,569.0328137734426,45661.0,435.0,1.2316249503377037,84000046.0,USA,5161.423780236227,8.64123957091776
604,604,604,Tennessee,US,35.7478,-86.6923,2020-06-01,22566.0,364.0,15564.0,47.0,2020-06-02 02:33:16,6638.0,330.43527665278407,448493.0,1767.0,1.6130461756625012,84000047.0,USA,6567.309604353321,7.830364264823184
605,605,605,Texas,US,31.0545,-97.5635,2020-06-01,65593.0,1683.0,43338.0,48.0,2020-06-02 02:33:16,20572.0,226.2148889354319,970031.0,,2.5658225725306054,84000048.0,USA,3345.4096462873467,
606,606,606,Utah,US,40.15,-111.8624,2020-06-01,9999.0,113.0,6251.0,49.0,2020-06-02 02:33:16,3635.0,311.88805343051905,218112.0,789.0,1.1301130113011302,84000049.0,USA,6803.333044288166,7.890789078907892
607,607,607,Vermont,US,44.0459,-72.7107,2020-06-01,983.0,55.0,880.0,50.0,2020-06-02 02:33:16,48.0,157.5348283383201,35326.0,,5.5951169888097665,84000050.0,USA,5661.3177475884995,
608,608,608,Virgin Islands,US,18.3358,-64.8963,2020-06-01,70.0,6.0,62.0,78.0,2020-06-02 02:33:16,2.0,65.25711302531975,1811.0,,8.571428571428571,850.0,VIR,1688.2947384122012,
609,609,609,Virginia,US,37.7693,-78.17,2020-06-01,45398.0,1392.0,5899.0,51.0,2020-06-02 02:33:16,38107.0,531.8715827356251,324719.0,7326.0,3.0662143706771223,84000051.0,USA,3804.3263684375843,16.137274769813647
610,610,610,Washington,US,47.4009,-121.4905,2020-06-01,21977.0,1123.0,,53.0,2020-06-02 02:33:16,20854.0,288.60549977524306,360899.0,3501.0,5.109887609773853,84000053.0,USA,4739.3837313275435,15.930290758520277
611,611,611,West Virginia,US,38.4912,-80.9545,2020-06-01,2028.0,76.0,1313.0,54.0,2020-06-02 02:33:16,639.0,113.16036017134756,98095.0,,3.747534516765288,84000054.0,USA,5473.602332844348,
612,612,612,Wisconsin,US,44.2685,-89.6165,2020-06-01,18543.0,595.0,11838.0,55.0,2020-06-02 02:33:16,6110.0,318.4750569950644,272138.0,2603.0,3.2087580218950547,84000055.0,USA,4673.95594351091,14.037642236962734
613,613,613,Wyoming,US,42.756,-107.3025,2020-06-01,910.0,17.0,667.0,56.0,2020-06-02 02:33:16,226.0,157.23297607467012,25147.0,86.0,1.868131868131868,84000056.0,USA,4344.986427856846,9.450549450549447
614,614,614,Alabama,US,32.3182,-86.9023,2020-07-01,38962.0,972.0,18866.0,1.0,2020-07-02 04:33:59,19124.0,794.6263500153473,413953.0,2803.0,2.4947384631179097,84000001.0,USA,8442.532761868051,7.194189209999488
615,615,615,Alaska,US,61.3707,-152.4044,2020-07-01,975.0,14.0,528.0,2.0,2020-07-02 04:33:59,433.0,133.2795658503578,114400.0,,1.4358974358974361,84000002.0,USA,15638.135726441982,
616,616,616,American Samoa,US,-14.271,-170.132,2020-07-01,0.0,0.0,,60.0,2020-07-02 04:33:59,0.0,0.0,696.0,,,16.0,ASM,1250.8761524774895,
617,617,617,Arizona,US,33.7298,-111.4312,2020-07-01,84105.0,1725.0,9715.0,4.0,2020-07-02 04:33:59,72665.0,1155.4921011491451,549596.0,4837.0,2.0510076689851973,84000004.0,USA,7550.726316190065,5.751144402829796
618,618,618,Arkansas,US,34.9697,-92.3731,2020-07-01,21197.0,277.0,15163.0,5.0,2020-07-02 04:33:59,5757.0,702.3981676742426,314858.0,1448.0,1.3067886965136577,84000005.0,USA,10433.3482227474,6.831155352172477
619,619,619,California,US,36.1162,-119.6816,2020-07-01,238681.0,6169.0,,6.0,2020-07-02 04:33:59,232512.0,604.0687713267866,4254176.0,,2.5846213146417183,84000006.0,USA,10766.73413186598,
620,620,620,Colorado,US,39.0598,-105.3111,2020-07-01,33012.0,1697.0,4502.0,8.0,2020-07-02 04:33:59,26813.0,573.2507967026098,327503.0,5489.0,5.140554949715255,84000008.0,USA,5687.0639668149415,16.627287047134377
621,621,621,Connecticut,US,41.5978,-72.7554,2020-07-01,46572.0,4324.0,8053.0,9.0,2020-07-02 04:33:59,34195.0,1306.2623009031254,477841.0,10268.0,9.284548655844713,84000009.0,USA,13402.595639565625,22.047582238254748
622,622,622,Delaware,US,39.3185,-75.5071,2020-07-01,11510.0,509.0,6676.0,10.0,2020-07-02 04:33:59,4325.0,1182.0112470783474,111384.0,,4.4222415291051265,84000010.0,USA,11438.500499094236,
623,623,623,Diamond Princess,US,,,2020-07-01,49.0,0.0,,88888.0,2020-07-02 04:33:59,49.0,,,,0.0,84088888.0,USA,,
624,624,624,District of Columbia,US,38.8974,-77.0268,2020-07-01,10365.0,553.0,1451.0,11.0,2020-07-02 04:33:59,8361.0,1468.6524529258984,100035.0,,5.33526290400386,84000011.0,USA,14174.302762030127,
625,625,625,Florida,US,27.7663,-81.6868,2020-07-01,158997.0,3550.0,,12.0,2020-07-02 04:33:59,155447.0,740.2874893197546,1980354.0,15125.0,2.2327465298087383,84000012.0,USA,9220.496554176076,9.512758102354134
626,626,626,Georgia,US,33.0406,-83.6431,2020-07-01,84242.0,2827.0,,13.0,2020-07-02 04:33:59,81415.0,793.4317018357468,855038.0,11275.0,3.355808266660336,84000013.0,USA,8053.159415425005,13.384060207497447
627,627,627,Grand Princess,US,,,2020-07-01,103.0,3.0,,99999.0,2020-07-02 04:33:59,100.0,,,,2.9126213592233015,84099999.0,USA,,
628,628,628,Guam,US,13.4443,144.7937,2020-07-01,267.0,5.0,179.0,66.0,2020-07-02 04:33:59,83.0,162.57786383647223,13784.0,,1.8726591760299625,316.0,GUM,8393.158333790012,
629,629,629,Hawaii,US,21.0943,-157.4983,2020-07-01,926.0,18.0,736.0,15.0,2020-07-02 04:33:59,172.0,65.40139221624554,79058.0,113.0,1.9438444924406049,84000015.0,USA,5583.6968313519865,12.203023758099349
630,630,630,Idaho,US,44.2405,-114.4788,2020-07-01,6370.0,92.0,4233.0,16.0,2020-07-02 04:33:59,2045.0,356.45038093186315,91040.0,330.0,1.444270015698587,84000016.0,USA,5094.386605971244,5.180533751962323
631,631,631,Illinois,US,40.3495,-88.9861,2020-07-01,144013.0,6951.0,,17.0,2020-07-02 04:33:59,137062.0,1136.4822782771314,1637108.0,,4.8266475943144025,84000017.0,USA,12919.279715204311,
632,632,632,Indiana,US,39.8494,-86.2583,2020-07-01,45952.0,2650.0,35025.0,18.0,2020-07-02 04:33:59,8277.0,682.5684072369006,489716.0,7095.0,5.7668871866295275,84000018.0,USA,7274.213747354327,15.440024373259053
633,633,633,Iowa,US,42.0115,-93.2105,2020-07-01,29514.0,717.0,23607.0,19.0,2020-07-02 04:33:59,5190.0,935.4467571242476,309790.0,,2.4293555600731858,84000019.0,USA,9818.799582893564,
634,634,634,Kansas,US,38.5266,-96.7265,2020-07-01,14830.0,277.0,834.0,20.0,2020-07-02 04:33:59,13719.0,509.0422796856089,183173.0,1152.0,1.8678354686446392,84000020.0,USA,6287.444470455295,7.768037761294672
635,635,635,Kentucky,US,37.6681,-84.6701,2020-07-01,15842.0,572.0,4052.0,21.0,2020-07-02 04:33:59,11218.0,354.59175279838064,377090.0,2635.0,3.610655220300467,84000021.0,USA,8440.411820650257,16.6330008837268
636,636,636,Louisiana,US,31.1695,-91.8678,2020-07-01,60178.0,3238.0,43026.0,22.0,2020-07-02 04:33:59,13914.0,1294.486268911894,752088.0,,5.3807039117285385,84000022.0,USA,16178.131360520601,
637,637,637,Maine,US,44.6939,-69.3819,2020-07-01,3294.0,105.0,2671.0,23.0,2020-07-02 04:33:59,518.0,245.05063189437385,97241.0,351.0,3.1876138433515484,84000023.0,USA,7234.05236673977,10.655737704918034
638,638,638,Maryland,US,39.0639,-76.8021,2020-07-01,67918.0,3205.0,5001.0,24.0,2020-07-02 04:33:59,59712.0,1123.4137433671647,542604.0,10902.0,4.7189257634205966,84000024.0,USA,8975.069801908141,16.051709414293708
639,639,639,Massachusetts,US,42.2302,-71.5301,2020-07-01,108882.0,8053.0,,25.0,2020-07-02 04:33:59,100829.0,1579.7163962061386,858435.0,11352.0,7.3960801601733985,84000025.0,USA,12454.619171003626,10.425965724362154
640,640,640,Michigan,US,43.3266,-84.5361,2020-07-01,71089.0,6198.0,51099.0,26.0,2020-07-02 04:33:59,13792.0,711.8255523234187,1061859.0,,8.7186484547539,84000026.0,USA,10632.564379363796,
641,641,641,Minnesota,US,45.6945,-93.9002,2020-07-01,36716.0,1482.0,31947.0,27.0,2020-07-02 04:33:59,3287.0,651.0353867060828,617107.0,4081.0,4.036387406035516,84000027.0,USA,10942.327442641648,11.11504521189672
642,642,642,Mississippi,US,32.7416,-89.6787,2020-07-01,27900.0,1082.0,19388.0,28.0,2020-07-02 04:33:59,7430.0,937.4530643459047,293752.0,3177.0,3.878136200716846,84000028.0,USA,9870.204751173413,11.387096774193544
643,643,643,Missouri,US,38.4561,-92.2884,2020-07-01,21035.0,1018.0,,29.0,2020-07-02 04:33:59,20017.0,342.73314489391976,389740.0,,4.8395531257428095,84000029.0,USA,6350.217061609522,
644,644,644,Montana,US,46.9219,-110.4544,2020-07-01,1016.0,22.0,658.0,30.0,2020-07-02 04:33:59,336.0,95.0618369764348,93330.0,105.0,2.1653543307086616,84000030.0,USA,8732.402800207341,10.33464566929134
645,645,645,Nebraska,US,41.1254,-98.2681,2020-07-01,19310.0,276.0,13737.0,31.0,2020-07-02 04:33:59,5297.0,998.2382206856054,180608.0,1330.0,1.4293112377006731,84000031.0,USA,9336.603239854261,6.887622993267738
646,646,646,Nevada,US,38.3135,-117.0554,2020-07-01,19101.0,511.0,714.0,32.0,2020-07-02 04:33:59,17876.0,620.1309284334949,284096.0,,2.6752526045756766,84000032.0,USA,9223.42894320937,
647,647,647,New Hampshire,US,43.4525,-71.5639,2020-07-01,5802.0,373.0,4463.0,33.0,2020-07-02 04:33:59,966.0,426.70832257737123,119169.0,565.0,6.428817649086523,84000033.0,USA,8764.288881975655,9.738021371940713
648,648,648,New Jersey,US,40.2989,-74.521,2020-07-01,171928.0,15078.0,30300.0,34.0,2020-07-02 04:33:59,126550.0,1935.6487532916994,1442937.0,20054.0,8.769950211716532,84000034.0,USA,16245.284102231542,11.664185007677634
649,649,649,New Mexico,US,34.8405,-106.2485,2020-07-01,12276.0,500.0,5393.0,35.0,2020-07-02 04:33:59,6383.0,585.4554663255802,344181.0,1902.0,4.0729879439556855,84000035.0,USA,16414.357107804208,15.49364613880743
650,650,650,New York,US,42.1657,-74.9481,2020-07-01,394079.0,32043.0,70590.0,36.0,2020-07-02 04:33:59,291446.0,2025.742227862549,3971648.0,89995.0,8.131110767130448,84000036.0,USA,20416.046193290782,22.836791607774078
651,651,651,North Carolina,US,35.6301,-79.8064,2020-07-01,66751.0,1398.0,45538.0,37.0,2020-07-02 04:33:59,19815.0,636.4460849093123,942238.0,,2.094350646432263,84000037.0,USA,8983.890670593408,
652,652,652,North Dakota,US,47.5289,-99.784,2020-07-01,3615.0,80.0,3210.0,38.0,2020-07-02 04:33:59,325.0,474.3708517154772,107226.0,234.0,2.2130013831258646,84000038.0,USA,14070.508698767293,6.473029045643154
653,653,653,Northern Mariana Islands,US,15.0979,145.6739,2020-07-01,30.0,2.0,19.0,69.0,2020-07-02 04:33:59,9.0,54.403017554040325,8217.0,,6.666666666666668,580.0,MNP,14900.986508051648,
654,654,654,Ohio,US,40.3888,-82.7649,2020-07-01,52865.0,2876.0,,39.0,2020-07-02 04:33:59,49989.0,452.2589420913501,792005.0,7911.0,5.440272391941738,84000039.0,USA,6775.585802157566,14.964532299252813
655,655,655,Oklahoma,US,35.5653,-96.9289,2020-07-01,14119.0,389.0,10605.0,40.0,2020-07-02 04:33:59,3125.0,356.8133301962537,346313.0,1553.0,2.7551526312061756,84000040.0,USA,8751.9721524368,10.9993625610879
656,656,656,Oregon,US,44.572,-122.0709,2020-07-01,8931.0,208.0,2722.0,41.0,2020-07-02 04:33:59,6001.0,211.74862254332118,243360.0,1055.0,2.32896652110626,84000041.0,USA,5769.918797687004,11.812786921957226
657,657,657,Pennsylvania,US,40.5908,-77.2098,2020-07-01,91775.0,6684.0,68048.0,42.0,2020-07-02 04:33:59,17043.0,716.8807909458444,776804.0,,7.283029147371288,84000042.0,USA,6067.838364804094,
658,658,658,Puerto Rico,US,18.2208,-66.5901,2020-07-01,7537.0,153.0,,72.0,2020-07-02 04:33:59,7384.0,256.9366416127589,7537.0,,2.029985405333687,630.0,PRI,256.9366416127589,
659,659,659,Rhode Island,US,41.6809,-71.5118,2020-07-01,16853.0,956.0,1638.0,44.0,2020-07-02 04:33:59,14259.0,1590.8646816335504,244215.0,2007.0,5.672580549457071,84000044.0,USA,23053.048016681758,11.90885895686228
660,660,660,South Carolina,US,33.8569,-80.945,2020-07-01,37919.0,766.0,15471.0,45.0,2020-07-02 04:33:59,21682.0,736.4751664201974,389872.0,2854.0,2.020095466652601,84000045.0,USA,7572.220946822837,7.526569793507212
661,661,661,South Dakota,US,44.2998,-99.4388,2020-07-01,6826.0,93.0,5933.0,46.0,2020-07-02 04:33:59,800.0,771.5967395346681,80943.0,674.0,1.3624377380603574,84000046.0,USA,9149.627144470356,9.874011133899797
662,662,662,Tennessee,US,35.7478,-86.6923,2020-07-01,45315.0,609.0,28283.0,47.0,2020-07-02 04:33:59,16423.0,663.5502331614335,817886.0,2715.0,1.3439258523667656,84000047.0,USA,11976.353216362622,5.9913935782853365
663,663,663,Texas,US,31.0545,-97.5635,2020-07-01,172368.0,2503.0,87556.0,48.0,2020-07-02 04:33:59,82309.0,594.4568471639127,1921948.0,,1.452125684581825,84000048.0,USA,6628.348350581243,
664,664,664,Utah,US,40.15,-111.8624,2020-07-01,22716.0,173.0,12707.0,49.0,2020-07-02 04:33:59,9836.0,708.5557577485422,343358.0,1476.0,0.7615777425603101,84000049.0,USA,10709.996824662083,6.497622820919176
665,665,665,Vermont,US,44.0459,-72.7107,2020-07-01,1210.0,56.0,961.0,50.0,2020-07-02 04:33:59,193.0,193.91367476029225,66292.0,,4.628099173553719,84000050.0,USA,10623.90522909859,
666,666,666,Virgin Islands,US,18.3358,-64.8963,2020-07-01,90.0,6.0,73.0,78.0,2020-07-02 04:33:59,11.0,83.9020024611254,2966.0,,6.666666666666668,850.0,VIR,2765.0371033299766,
667,667,667,Virginia,US,37.7693,-78.17,2020-07-01,63203.0,1786.0,8131.0,51.0,2020-07-02 04:33:59,53286.0,740.4704974589125,658633.0,9023.0,2.825815230289701,84000051.0,USA,7716.379050881382,14.276221065455756
668,668,668,Washington,US,47.4009,-121.4905,2020-07-01,33435.0,1339.0,,53.0,2020-07-02 04:33:59,32096.0,439.07379919849166,557275.0,4361.0,4.004785404516226,84000053.0,USA,7318.224957330326,13.043218184537162
669,669,669,West Virginia,US,38.4912,-80.9545,2020-07-01,2979.0,93.0,2284.0,54.0,2020-07-02 04:33:59,602.0,166.22520362447946,173352.0,,3.121852970795569,84000054.0,USA,9672.867236895188,
670,670,670,Wisconsin,US,44.2685,-89.6165,2020-07-01,29199.0,786.0,23089.0,55.0,2020-07-02 04:33:59,5324.0,501.49130071719145,583832.0,3482.0,2.6918730093496355,84000055.0,USA,10027.28412206991,11.925065926915305
671,671,671,Wyoming,US,42.756,-107.3025,2020-07-01,1514.0,20.0,1119.0,56.0,2020-07-02 04:33:59,375.0,261.59420415060504,33699.0,117.0,1.3210039630118893,84000056.0,USA,5822.630835978361,7.7278731836195504
672,672,672,Alabama,US,32.3182,-86.9023,2020-08-01,89349.0,1603.0,35401.0,1.0,2020-08-02 04:35:05,52345.0,1822.2645076618564,697371.0,10521.0,1.7940883501773943,84000001.0,USA,14222.816393833804,11.775173756841149
673,673,673,Alaska,US,61.3707,-152.4044,2020-08-01,3136.0,24.0,930.0,2.0,2020-08-02 04:35:05,2182.0,428.681762570997,238633.0,,0.7653061224489796,84000002.0,USA,32620.412961608654,
674,674,674,American Samoa,US,-14.271,-170.132,2020-08-01,0.0,0.0,,60.0,2020-08-02 04:35:05,0.0,0.0,1267.0,,,16.0,ASM,2277.097823547384,
675,675,675,Arizona,US,33.7298,-111.4312,2020-08-01,177002.0,3747.0,23064.0,4.0,2020-08-02 04:35:05,150191.0,2431.774720737185,948650.0,11346.0,2.116925232483249,84000004.0,USA,13033.203516498856,6.410097061050157
676,676,676,Arkansas,US,34.9697,-92.3731,2020-08-01,43173.0,458.0,36034.0,5.0,2020-08-02 04:35:05,6681.0,1430.609807661465,514581.0,2852.0,1.06084821531976,84000005.0,USA,17051.505001650206,6.605980589720428
677,677,677,California,US,36.1162,-119.6816,2020-08-01,506613.0,9345.0,,6.0,2020-08-02 04:35:05,497268.0,1282.1677990630901,7886587.0,,1.844603277057636,84000006.0,USA,19959.86659621758,
678,678,678,Colorado,US,39.0598,-105.3111,2020-08-01,47249.0,1844.0,5334.0,8.0,2020-08-02 04:35:05,40071.0,820.4751876106145,533403.0,6441.0,3.9027281000656098,84000008.0,USA,9262.501354463897,13.632034540413553
679,679,679,Connecticut,US,41.5978,-72.7554,2020-08-01,49810.0,4432.0,8613.0,9.0,2020-08-02 04:35:05,36765.0,1397.0824789140397,793996.0,10807.0,8.897811684400724,84000009.0,USA,22270.184700418227,21.69644649668741
680,680,680,Delaware,US,39.3185,-75.5071,2020-08-01,14877.0,585.0,8212.0,10.0,2020-08-02 04:35:05,6080.0,1527.7829124921439,182896.0,,3.932244404113733,84000010.0,USA,18782.37437407832,
681,681,681,Diamond Princess,US,,,2020-08-01,49.0,0.0,,88888.0,2020-08-02 04:35:05,49.0,,,,0.0,84088888.0,USA,,
682,682,682,District of Columbia,US,38.8974,-77.0268,2020-08-01,12057.0,584.0,9816.0,11.0,2020-08-02 04:35:05,1657.0,1708.39774480729,193781.0,,4.8436592850626194,84000011.0,USA,27457.49551186045,
683,683,683,Florida,US,27.7663,-81.6868,2020-08-01,480028.0,7022.0,,12.0,2020-08-02 04:35:05,473006.0,2235.0026913915563,3679443.0,27344.0,1.4628313348388011,84000012.0,USA,17131.427766342422,5.696334380494473
684,684,684,Georgia,US,33.0406,-83.6431,2020-08-01,190012.0,3825.0,,13.0,2020-08-02 04:35:05,186187.0,1789.6244691390743,1596085.0,18995.0,2.013030755952256,84000013.0,USA,15032.696728763654,9.99673704818643
685,685,685,Grand Princess,US,,,2020-08-01,103.0,3.0,,99999.0,2020-08-02 04:35:05,100.0,,,,2.9126213592233015,84099999.0,USA,,
686,686,686,Guam,US,13.4443,144.7937,2020-08-01,356.0,5.0,304.0,66.0,2020-08-02 04:35:05,47.0,216.7704851152964,22052.0,,1.404494382022472,316.0,GUM,13427.591960007063,
687,687,687,Hawaii,US,21.0943,-157.4983,2020-08-01,2197.0,26.0,1243.0,15.0,2020-08-02 04:35:05,928.0,155.16939384351127,123251.0,179.0,1.183431952662722,84000015.0,USA,8704.953555123628,8.1474738279472
688,688,688,Idaho,US,44.2405,-114.4788,2020-08-01,21110.0,197.0,6998.0,16.0,2020-08-02 04:35:05,13915.0,1181.2664900269435,181873.0,850.0,0.9332070108953104,84000016.0,USA,10177.189973504042,4.0265277119848415
689,689,689,Illinois,US,40.3495,-88.9861,2020-08-01,181754.0,7700.0,,17.0,2020-08-02 04:35:05,174054.0,1434.3163464824827,2740658.0,,4.2364954829054655,84000017.0,USA,21627.97280674972,
690,690,690,Indiana,US,39.8494,-86.2583,2020-08-01,67122.0,2971.0,46955.0,18.0,2020-08-02 04:35:05,17196.0,997.0263890702307,758606.0,8781.0,4.426268585560621,84000018.0,USA,11268.290588883101,13.082148922856884
691,691,691,Iowa,US,42.0115,-93.2105,2020-08-01,45293.0,874.0,32819.0,19.0,2020-08-02 04:35:05,11600.0,1435.5624439394373,478970.0,,1.929658004548164,84000019.0,USA,15180.962704472482,
692,692,692,Kansas,US,38.5266,-96.7265,2020-08-01,27592.0,358.0,1178.0,20.0,2020-08-02 04:35:05,26056.0,947.1001066139798,292507.0,1751.0,1.297477529718759,84000020.0,USA,10040.352670532597,6.346042331110468
693,693,693,Kentucky,US,37.6681,-84.6701,2020-08-01,30723.0,740.0,8135.0,21.0,2020-08-02 04:35:05,21848.0,687.6734264123628,596674.0,3782.0,2.4086189499723334,84000021.0,USA,13355.364190709573,12.309995768642384
694,694,694,Louisiana,US,31.1695,-91.8678,2020-08-01,116280.0,3949.0,74246.0,22.0,2020-08-02 04:35:05,38085.0,2501.293883962163,1342243.0,,3.3961128310973514,84000022.0,USA,28872.929194109267,
695,695,695,Maine,US,44.6939,-69.3819,2020-08-01,3937.0,123.0,3377.0,23.0,2020-08-02 04:35:05,437.0,292.88534844206123,169746.0,388.0,3.124206248412497,84000023.0,USA,12627.918810425736,9.85521971043942
696,696,696,Maryland,US,39.0639,-76.8021,2020-08-01,89365.0,3506.0,5713.0,24.0,2020-08-02 04:35:05,80146.0,1478.1629196384854,929354.0,12672.0,3.9232361662843394,84000024.0,USA,15372.199653306165,14.180048117271864
697,697,697,Massachusetts,US,42.2302,-71.5301,2020-08-01,118040.0,8626.0,97595.0,25.0,2020-08-02 04:35:05,11819.0,1712.585398947233,1188430.0,11908.0,7.3076923076923075,84000025.0,USA,17242.357384537954,10.088105726872246
698,698,698,Michigan,US,43.3266,-84.5361,2020-08-01,91332.0,6457.0,60022.0,26.0,2020-08-02 04:35:05,24853.0,914.5219562070426,1876830.0,,7.0698112381202645,84000026.0,USA,18792.999639426096,
699,699,699,Minnesota,US,45.6945,-93.9002,2020-08-01,55188.0,1646.0,48119.0,27.0,2020-08-02 04:35:05,5423.0,978.5744885481888,846268.0,5208.0,2.9825324345872293,84000027.0,USA,15005.730870383033,9.436834094368342
700,700,700,Mississippi,US,32.7416,-89.6787,2020-08-01,59881.0,1693.0,35071.0,28.0,2020-08-02 04:35:05,23117.0,2012.029639645058,461473.0,4314.0,2.827274093619011,84000028.0,USA,15505.708887559054,7.204288505535978
701,701,701,Missouri,US,38.4561,-92.2884,2020-08-01,51632.0,1276.0,,29.0,2020-08-02 04:35:05,50356.0,841.2644514933618,696745.0,,2.4713356058258444,84000029.0,USA,11352.393869223397,
702,702,702,Montana,US,46.9219,-110.4544,2020-08-01,4081.0,61.0,2456.0,30.0,2020-08-02 04:35:05,1564.0,381.83794950869117,171553.0,230.0,1.4947316834109288,84000030.0,USA,16051.322164191253,5.635873560401863
703,703,703,Nebraska,US,41.1254,-98.2681,2020-08-01,26391.0,332.0,19172.0,31.0,2020-08-02 04:35:05,6887.0,1364.293365205272,275259.0,1622.0,1.2580046227880717,84000031.0,USA,14229.624774091091,6.146034633018832
704,704,704,Nevada,US,38.3135,-117.0554,2020-08-01,49074.0,832.0,1127.0,32.0,2020-08-02 04:35:05,47115.0,1593.230992196499,474220.0,,1.6953987855076007,84000032.0,USA,15395.973450695354,
705,705,705,New Hampshire,US,43.4525,-71.5639,2020-08-01,6614.0,416.0,5794.0,33.0,2020-08-02 04:35:05,404.0,486.4268951269792,160962.0,695.0,6.289688539461747,84000033.0,USA,11837.956742278322,10.508013305110374
706,706,706,New Jersey,US,40.2989,-74.521,2020-08-01,182029.0,15830.0,32475.0,34.0,2020-08-02 04:35:05,133724.0,2049.3707069990623,2096698.0,21565.0,8.69641650506238,84000034.0,USA,23605.642302179986,11.847013387976641
707,707,707,New Mexico,US,34.8405,-106.2485,2020-08-01,20796.0,651.0,8139.0,35.0,2020-08-02 04:35:05,12006.0,991.7833070794045,558012.0,2686.0,3.130409694171956,84000035.0,USA,26612.184398441652,12.915945374110406
708,708,708,New York,US,42.1657,-74.9481,2020-08-01,415767.0,32694.0,73134.0,36.0,2020-08-02 04:35:05,309939.0,2137.2282431992785,5971974.0,89995.0,7.863538953307983,84000036.0,USA,30698.6160528656,21.645537043584508
709,709,709,North Carolina,US,35.6301,-79.8064,2020-08-01,124006.0,1979.0,92302.0,37.0,2020-08-02 04:35:05,29725.0,1182.3513236545398,1786412.0,,1.5958905214263823,84000037.0,USA,17032.777388129234,
710,710,710,North Dakota,US,47.5289,-99.784,2020-08-01,6602.0,103.0,5396.0,38.0,2020-08-02 04:35:05,1103.0,866.3337103805203,156185.0,371.0,1.5601332929415328,84000038.0,USA,20495.051583729408,5.619509239624356
711,711,711,Northern Mariana Islands,US,15.0979,145.6739,2020-08-01,44.0,2.0,29.0,69.0,2020-08-02 04:35:05,13.0,79.79109241259249,11761.0,4.0,4.545454545454546,580.0,MNP,21327.79631510228,9.090909090909092
712,712,712,Ohio,US,40.3888,-82.7649,2020-08-01,92087.0,3515.0,67319.0,39.0,2020-08-02 04:35:05,21253.0,787.8023115552098,1492903.0,10857.0,3.8170425793000096,84000039.0,USA,12771.7531717583,11.789937776233346
713,713,713,Oklahoma,US,35.5653,-96.9289,2020-08-01,37731.0,549.0,30282.0,40.0,2020-08-02 04:35:05,6900.0,953.5323862621184,637192.0,3228.0,1.4550369722509342,84000040.0,USA,16103.0242576961,8.555299355967241
714,714,714,Oregon,US,44.572,-122.0709,2020-08-01,18817.0,325.0,3872.0,41.0,2020-08-02 04:35:05,14620.0,446.13971900097135,409616.0,1607.0,1.7271616091831854,84000041.0,USA,9711.74826690237,8.540149864484244
715,715,715,Pennsylvania,US,40.5908,-77.2098,2020-08-01,117468.0,7219.0,85831.0,42.0,2020-08-02 04:35:05,24418.0,917.5761672658832,1232322.0,,6.145503456260427,84000042.0,USA,9626.01983176208,
716,716,716,Puerto Rico,US,18.2208,-66.5901,2020-08-01,17872.0,225.0,,72.0,2020-08-02 04:35:05,17647.0,609.2572189071551,323844.0,,1.258952551477171,630.0,PRI,11039.855349136567,
717,717,717,Rhode Island,US,41.6809,-71.5118,2020-08-01,19022.0,1007.0,1823.0,44.0,2020-08-02 04:35:05,16192.0,1795.6107502541627,206016.0,2211.0,5.293870255493639,84000044.0,USA,19447.19505437712,11.623383450741247
718,718,718,South Carolina,US,33.8569,-80.945,2020-08-01,90599.0,1751.0,32859.0,45.0,2020-08-02 04:35:05,55989.0,1759.6432817981345,711869.0,5527.0,1.932692413823552,84000045.0,USA,13826.15153997678,6.1005088356383625
719,719,719,South Dakota,US,44.2998,-99.4388,2020-08-01,8867.0,134.0,7820.0,46.0,2020-08-02 04:35:05,913.0,1002.307103641064,112932.0,832.0,1.5112213826547871,84000046.0,USA,12765.596687537229,9.3831058982745
720,720,720,Tennessee,US,35.7478,-86.6923,2020-08-01,108184.0,1067.0,67651.0,47.0,2020-08-02 04:35:05,39466.0,1584.1447296554459,1542853.0,4724.0,0.986282629594025,84000047.0,USA,22592.088003615077,4.366634622495009
721,721,721,Texas,US,31.0545,-97.5635,2020-08-01,444738.0,6865.0,282604.0,48.0,2020-08-02 04:35:05,155269.0,1533.7971624314505,3747779.0,,1.5436054486011992,84000048.0,USA,12925.211687825591,
722,722,722,Utah,US,40.15,-111.8624,2020-08-01,40702.0,310.0,28747.0,49.0,2020-08-02 04:35:05,11645.0,1269.573712444143,533260.0,2412.0,0.7616333349712545,84000049.0,USA,16633.40567780364,5.925998722421503
723,723,723,Vermont,US,44.0459,-72.7107,2020-08-01,1421.0,57.0,1231.0,50.0,2020-08-02 04:35:05,133.0,227.7283734168391,95392.0,,4.011259676284307,84000050.0,USA,15287.448977465947,
724,724,724,Virgin Islands,US,18.3358,-64.8963,2020-08-01,421.0,8.0,341.0,78.0,2020-08-02 04:35:05,72.0,392.4749226237088,9289.0,,1.9002375296912115,850.0,VIR,8659.618898459932,
725,725,725,Virginia,US,37.7693,-78.17,2020-08-01,90801.0,2215.0,12007.0,51.0,2020-08-02 04:35:05,76579.0,1063.8017442173114,1127361.0,13263.0,2.43940044713164,84000051.0,USA,13207.878747619214,14.60666732745234
726,726,726,Washington,US,47.4009,-121.4905,2020-08-01,57541.0,1592.0,,53.0,2020-08-02 04:35:05,55949.0,755.6376694984419,973654.0,5568.0,2.766722858483516,84000053.0,USA,12786.180974571804,9.676578439721242
727,727,727,West Virginia,US,38.4912,-80.9545,2020-08-01,6738.0,116.0,4858.0,54.0,2020-08-02 04:35:05,1764.0,375.9736226994772,287224.0,,1.7215791035915702,84000054.0,USA,16026.81030071752,
728,728,728,Wisconsin,US,44.2685,-89.6165,2020-08-01,54002.0,947.0,43284.0,55.0,2020-08-02 04:35:05,9771.0,927.4815309198868,954003.0,4681.0,1.753638754120218,84000055.0,USA,16384.951722939237,8.668197474167624
729,729,729,Wyoming,US,42.756,-107.3025,2020-08-01,2769.0,26.0,2153.0,56.0,2020-08-02 04:35:05,590.0,478.4374843414962,53342.0,167.0,0.9389671361502347,84000056.0,USA,9216.616933818741,6.0310581437342
730,730,730,Alabama,US,32.3182,-86.9023,2020-09-01,127616.0,2200.0,48028.0,1.0,2020-09-02 04:30:23,77388.0,2602.716397606862,958920.0,,1.7239217652958876,84000001.0,USA,19557.08381388832,
731,731,731,Alaska,US,61.3707,-152.4044,2020-09-01,5297.0,39.0,2246.0,2.0,2020-09-02 04:30:23,3012.0,724.0839592916362,374255.0,,0.7362658108363225,84000002.0,USA,51159.53222289812,
732,732,732,American Samoa,US,-14.270999999999999,-170.132,2020-09-01,0.0,0.0,,60.0,2020-09-02 04:30:23,0.0,0.0,1514.0,,,16.0,ASM,2721.015078808792,
733,733,733,Arizona,US,33.7298,-111.4312,2020-09-01,202342.0,5044.0,30841.0,4.0,2020-09-02 04:30:23,166457.0,2779.9129984034275,1208990.0,,2.4928092042186,84000004.0,USA,16609.93276699726,
734,734,734,Arkansas,US,34.9697,-92.3731,2020-09-01,61497.0,814.0,55647.0,5.0,2020-09-02 04:30:23,5036.0,2037.8062988848847,731025.0,,1.3236418036652196,84000005.0,USA,24223.74017663175,
735,735,735,California,US,36.1162,-119.6816,2020-09-01,715617.0,13150.0,,6.0,2020-09-02 04:30:23,702467.0,1811.1281665929046,11470696.0,,1.8375751274774084,84000006.0,USA,29030.753344351182,
736,736,736,Colorado,US,39.0598,-105.3111,2020-09-01,57755.0,1946.0,5953.0,8.0,2020-09-02 04:30:23,49856.0,1002.9110554816195,1009970.0,,3.3694052462990216,84000008.0,USA,17538.050016531404,
737,737,737,Connecticut,US,41.5978,-72.7554,2020-09-01,53006.0,4466.0,8967.0,9.0,2020-09-02 04:30:23,39573.0,1486.7246311447016,1192338.0,,8.425461268535638,84000009.0,USA,33442.97387559543,
738,738,738,Delaware,US,39.3185,-75.5071,2020-09-01,17535.0,605.0,9419.0,10.0,2020-09-02 04:30:23,7511.0,1800.7443281945111,238423.0,,3.450242372398061,84000010.0,USA,24484.680066217275,
739,739,739,Diamond Princess,US,,,2020-09-01,49.0,0.0,,88888.0,2020-09-02 04:30:23,49.0,,,,0.0,84088888.0,USA,,
740,740,740,District of Columbia,US,38.8974,-77.0268,2020-09-01,14049.0,607.0,11150.0,11.0,2020-09-02 04:30:23,2292.0,1990.6510671641047,292844.0,,4.3205922129688945,84000011.0,USA,41494.07225515021,
741,741,741,Florida,US,27.7663,-81.6868,2020-09-01,631040.0,11374.0,,12.0,2020-09-02 04:30:23,619666.0,2938.1121484074406,4675866.0,,1.8024213995943208,84000012.0,USA,21770.75731954442,
742,742,742,Georgia,US,33.0406,-83.6431,2020-09-01,272697.0,5733.0,,13.0,2020-09-02 04:30:23,266964.0,2568.391595587743,2368498.0,,2.102333359002849,84000013.0,USA,22307.654126618112,
743,743,743,Grand Princess,US,,,2020-09-01,103.0,3.0,,99999.0,2020-09-02 04:30:23,100.0,,,,2.912621359223301,84099999.0,USA,,
744,744,744,Guam,US,13.4443,144.7937,2020-09-01,1447.0,13.0,568.0,66.0,2020-09-02 04:30:23,866.0,881.0867751736902,38322.0,,0.8984105044920525,316.0,GUM,23334.490254461758,
745,745,745,Hawaii,US,21.0943,-157.4983,2020-09-01,8653.0,74.0,2578.0,15.0,2020-09-02 04:30:23,6001.0,611.1428151697329,198182.0,,0.8551947301513926,84000015.0,USA,13997.169235637119,
746,746,746,Idaho,US,44.2405,-114.4788,2020-09-01,32353.0,367.0,14963.0,16.0,2020-09-02 04:30:23,17023.0,1810.3986144880007,257689.0,,1.1343615738880477,84000016.0,USA,14419.676956350215,
747,747,747,Illinois,US,40.3495,-88.9861,2020-09-01,238216.0,8273.0,,17.0,2020-09-02 04:30:23,229943.0,1879.887665711187,4088824.0,,3.4728985458575408,84000017.0,USA,32267.059327937164,
748,748,748,Indiana,US,39.8494,-86.2583,2020-09-01,94891.0,3312.0,72391.0,18.0,2020-09-02 04:30:23,19188.0,1409.505543417408,1083765.0,,3.4903204729637163,84000018.0,USA,16098.18397173354,
749,749,749,Iowa,US,42.0115,-93.2105,2020-09-01,65847.0,1125.0,47437.0,19.0,2020-09-02 04:30:23,17285.0,2087.0218410368075,623547.0,,1.708506082281653,84000019.0,USA,19763.333301638315,
750,750,750,Kansas,US,38.5266,-96.7265,2020-09-01,42962.0,456.0,1673.0,20.0,2020-09-02 04:30:23,40833.0,1474.6779784122134,413249.0,,1.0614031004143196,84000020.0,USA,14184.842416574387,
751,751,751,Kentucky,US,37.6681,-84.6701,2020-09-01,49185.0,948.0,10417.0,21.0,2020-09-02 04:30:23,37820.0,1100.9086833347023,830421.0,,1.9274168953949369,84000021.0,USA,18587.32722829088,
752,752,752,Louisiana,US,31.1695,-91.8678,2020-09-01,148882.0,4984.0,127918.0,22.0,2020-09-02 04:30:23,15980.0,3202.594049123278,1889825.0,,3.347617576335621,84000022.0,USA,40651.941127096616,
753,753,753,Maine,US,44.6939,-69.3819,2020-09-01,4549.0,132.0,3945.0,23.0,2020-09-02 04:30:23,472.0,338.41388114374814,268735.0,,2.901736645416575,84000023.0,USA,19992.01018886902,
754,754,754,Maryland,US,39.0639,-76.8021,2020-09-01,108863.0,3761.0,6976.0,24.0,2020-09-02 04:30:23,98126.0,1800.6742004207965,1338917.0,,3.4548009883982616,84000024.0,USA,22146.673327069908,
755,755,755,Massachusetts,US,42.2302,-71.5301,2020-09-01,128888.0,9064.0,103920.0,25.0,2020-09-02 04:30:23,15904.0,1869.9737961666465,1764172.0,,7.032462292843398,84000025.0,USA,25595.520234086227,
756,756,756,Michigan,US,43.3266,-84.5361,2020-09-01,113820.0,6767.0,76151.0,26.0,2020-09-02 04:30:23,30902.0,1139.6979049564845,2789407.0,,5.945352310665964,84000026.0,USA,27930.77942339617,
757,757,757,Minnesota,US,45.6945,-93.9002,2020-09-01,76355.0,1871.0,68488.0,27.0,2020-09-02 04:30:23,5996.0,1353.900396337917,1132922.0,,2.4503961757579726,84000027.0,USA,20088.580247789218,
758,758,758,Mississippi,US,32.7416,-89.6787,2020-09-01,83584.0,2493.0,67918.0,28.0,2020-09-02 04:30:23,13173.0,2808.4615387200042,577517.0,,2.9826282542113325,84000028.0,USA,19404.841625872894,
759,759,759,Missouri,US,38.4561,-92.2884,2020-09-01,86738.0,1562.0,,29.0,2020-09-02 04:30:23,85176.0,1413.263015061032,991244.0,,1.8008254744172103,84000029.0,USA,16150.804538969744,
760,760,760,Montana,US,46.9219,-110.4544,2020-09-01,7509.0,105.0,5459.0,30.0,2020-09-02 04:30:23,1945.0,702.5780845039849,252296.0,,1.3983220135836996,84000030.0,USA,23606.024824612785,
761,761,761,Nebraska,US,41.1254,-98.2681,2020-09-01,34574.0,399.0,26177.0,31.0,2020-09-02 04:30:23,7998.0,1787.316843189234,363075.0,,1.1540463932434777,84000031.0,USA,18769.308232803007,
762,762,762,Nevada,US,38.3135,-117.0554,2020-09-01,69633.0,1313.0,1798.0,32.0,2020-09-02 04:30:23,66522.0,2260.6971854672297,600349.0,,1.8856002182873064,84000032.0,USA,19490.863449773322,
763,763,763,New Hampshire,US,43.4525,-71.5639,2020-09-01,7297.0,432.0,6615.0,33.0,2020-09-02 04:30:23,250.0,536.6581575055287,210916.0,,5.9202411950116485,84000033.0,USA,15511.825674720583,
764,764,764,New Jersey,US,40.2989,-74.521,2020-09-01,192290.0,15950.0,33949.0,34.0,2020-09-02 04:30:23,142391.0,2164.894018254507,2859048.0,,8.294763118206875,84000034.0,USA,32188.548094557762,
765,765,765,New Mexico,US,34.8405,-106.2485,2020-09-01,25460.0,787.0,12960.0,35.0,2020-09-02 04:30:23,11713.0,1214.2144161493381,760874.0,,3.0911233307148467,84000035.0,USA,36286.888439639086,
766,766,766,New York,US,42.1657,-74.9481,2020-09-01,435510.0,32966.0,75142.0,36.0,2020-09-02 04:30:23,327402.0,2238.7160890491973,8340030.0,,7.569516199398406,84000036.0,USA,42871.482501327126,
767,767,767,North Carolina,US,35.6301,-79.8064,2020-09-01,169424.0,2741.0,145884.0,37.0,2020-09-02 04:30:23,20799.0,1615.3951474835633,2295698.0,,1.6178345452828409,84000037.0,USA,21888.630945366192,
768,768,768,North Dakota,US,47.5289,-99.78399999999999,2020-09-01,12000.0,145.0,9610.0,38.0,2020-09-02 04:30:23,2245.0,1574.6750264414181,202418.0,,1.2083333333333333,84000038.0,USA,26561.88079185158,
769,769,769,Northern Mariana Islands,US,15.0979,145.6739,2020-09-01,57.0,2.0,29.0,69.0,2020-09-02 04:30:23,26.0,103.36573335267664,13541.0,,3.5087719298245608,580.0,MNP,24555.708689975338,
770,770,770,Ohio,US,40.3888,-82.7649,2020-09-01,124606.0,4166.0,104024.0,39.0,2020-09-02 04:30:23,16416.0,1066.0016596658425,2269669.0,,3.343338202012744,84000039.0,USA,19416.969655491008,
771,771,771,Oklahoma,US,35.5653,-96.9289,2020-09-01,59398.0,808.0,49989.0,40.0,2020-09-02 04:30:23,8601.0,1501.0976830510003,886912.0,,1.3603151621266707,84000040.0,USA,22413.912055458582,
772,772,772,Oregon,US,44.571999999999996,-122.0709,2020-09-01,26946.0,464.0,4938.0,41.0,2020-09-02 04:30:23,21544.0,638.8734053356101,561800.0,,1.7219624434053291,84000041.0,USA,13319.939104785339,
773,773,773,Pennsylvania,US,40.5908,-77.2098,2020-09-01,139548.0,7678.0,109183.0,42.0,2020-09-02 04:30:23,22687.0,1090.0493665476513,1674764.0,,5.5020494740161086,84000042.0,USA,13082.060920377295,
774,774,774,Puerto Rico,US,18.2208,-66.5901,2020-09-01,33421.0,435.0,,72.0,2020-09-02 04:30:23,32986.0,1139.323271771264,339393.0,,1.3015768528769336,630.0,PRI,11569.921402000677,
775,775,775,Rhode Island,US,41.6809,-71.5118,2020-09-01,22002.0,1050.0,2113.0,44.0,2020-09-02 04:30:23,18839.0,2076.9124028541733,530488.0,,4.772293427870193,84000044.0,USA,50076.225196132385,
776,776,776,South Carolina,US,33.8569,-80.945,2020-09-01,119846.0,2757.0,51431.0,45.0,2020-09-02 04:30:23,65658.0,2327.6880401591543,954402.0,,2.300452247050381,84000045.0,USA,18536.70644747407,
777,777,777,South Dakota,US,44.2998,-99.4388,2020-09-01,13749.0,167.0,10832.0,46.0,2020-09-02 04:30:23,2750.0,1554.1581558544024,147595.0,,1.2146337915484762,84000046.0,USA,16683.829588575936,
778,778,778,Tennessee,US,35.7478,-86.6923,2020-09-01,156329.0,1781.0,118885.0,47.0,2020-09-02 04:30:23,35663.0,2289.134820697203,2217751.0,,1.1392639881276028,84000047.0,USA,32474.659453690885,
779,779,779,Texas,US,31.0545,-97.5635,2020-09-01,637721.0,12919.0,514861.0,48.0,2020-09-02 04:30:23,109941.0,2199.3503146188245,5033554.0,,2.0258075239799225,84000048.0,USA,17359.54841310047,
780,780,780,Utah,US,40.15,-111.8624,2020-09-01,52403.0,409.0,44338.0,49.0,2020-09-02 04:30:23,7656.0,1634.5504214340924,664521.0,,0.7804896666221399,84000049.0,USA,20727.68888425862,
781,781,781,Vermont,US,44.0459,-72.7107,2020-09-01,1635.0,58.0,1432.0,50.0,2020-09-02 04:30:23,145.0,262.0238497794032,138446.0,,3.547400611620795,84000050.0,USA,22187.25009575489,
782,782,782,Virgin Islands,US,18.3358,-64.8963,2020-09-01,1143.0,15.0,950.0,78.0,2020-09-02 04:30:23,178.0,1065.5554312562926,16387.0,,1.3123359580052494,850.0,VIR,15276.690159227355,
783,783,783,Virginia,US,37.7693,-78.17,2020-09-01,121593.0,2612.0,15199.0,51.0,2020-09-02 04:30:23,103782.0,1424.5530939594885,1598689.0,,2.1481499757387352,84000051.0,USA,18729.839392308768,
784,784,784,Washington,US,47.4009,-121.4905,2020-09-01,74939.0,1931.0,,53.0,2020-09-02 04:30:23,73008.0,984.1110045801038,1473245.0,,2.5767624334458694,84000053.0,USA,19346.89036339709,
785,785,785,West Virginia,US,38.4912,-80.9545,2020-09-01,10513.0,224.0,8163.0,54.0,2020-09-02 04:30:23,2126.0,586.6148256811523,438441.0,,2.130695329591934,84000054.0,USA,24464.566801718836,
786,786,786,Wisconsin,US,44.2685,-89.6165,2020-09-01,76584.0,1130.0,67902.0,55.0,2020-09-02 04:30:23,7552.0,1315.3262020660088,1265321.0,,1.475504021727776,84000055.0,USA,21731.822121126665,
787,787,787,Wyoming,US,42.756,-107.3025,2020-09-01,3874.0,37.0,3206.0,56.0,2020-09-02 04:30:23,631.0,669.3632410035957,76567.0,,0.9550851832731028,84000056.0,USA,13229.513493526667,
